Factor,Return,IC,T-Stat,Dev,1,2,3,4,5,6,7,8,9,10,NA,Available,Average,Std. Dev.,Low,High
"AVG(ROW6,ROW7,ROW8,ROW15,ROW12,ROW18,ROW9,ROW30,ROW36)",3.13,0.0764,1.5830,0.0952,1.6551,0.70,-0.03,0.04,0.71,0.54,-0.01,0.23,-1.24,-1.72,#N/A,100.00,42.85,2.20,1.00,100.00
% Tgt +0,1.22,0.0524,0.9621,0.0898,1.5869,1.26,0.27,0.71,-0.23,0.28,1.29,0.69,-1.03,0.12,-1.72,77.58,"11,922.54","77,084.40",-100.00,"161,363,230.00"
"AVG(ROW6,ROW7,ROW8,ROW15,ROW12,ROW18,ROW21,ROW30,ROW36)",3.02,0.0775,1.6020,0.0954,1.5767,0.81,0.30,-0.01,0.10,1.01,-0.20,0.08,-1.23,-1.63,#N/A,100.00,43.65,2.03,1.00,100.00
"AVG(ROW6,ROW7,ROW8,ROW15,ROW12,ROW18,ROW21,ROW26,ROW30)",2.87,0.0772,1.5979,0.0898,1.5550,0.72,0.24,0.31,0.74,0.55,-0.39,-0.21,-1.11,-1.50,#N/A,100.00,44.55,2.14,1.00,100.00
"AVG(ROW6,ROW7,ROW8,ROW15,ROW12,ROW18,ROW30,ROW36)",3.11,0.0763,1.5792,0.0952,1.5349,0.82,0.24,-0.16,0.49,0.62,0.40,0.18,-1.51,-1.79,#N/A,100.00,43.14,2.16,1.00,100.00
"AVG(ROW6,ROW7,ROW8,ROW15,ROW12,ROW30)",3.56,0.0752,1.5555,0.0876,1.5159,0.41,0.38,-0.13,0.91,1.29,-0.02,-0.32,-0.91,-2.24,#N/A,100.00,43.48,2.49,1.00,100.00
"AVG(ROW6,ROW7,ROW8,ROW15,ROW12,ROW18,ROW9,ROW30)",3.18,0.0726,1.5039,0.0890,1.5132,0.03,0.51,0.68,0.00,1.26,-0.20,0.07,-1.04,-1.86,#N/A,100.00,43.01,2.53,1.00,100.00
"AVG(ROW6,ROW7,ROW8,ROW15,ROW12,ROW18,ROW21,ROW30)",3.02,0.0745,1.5407,0.0897,1.5058,0.82,0.13,-0.31,1.25,0.70,0.14,-1.02,-0.62,-1.70,#N/A,100.00,43.76,2.33,1.00,100.00
"AVG(ROW6,ROW7,ROW8,ROW15,ROW12,ROW21,ROW26,ROW30,ROW36)",3.34,0.0829,1.7146,0.0954,1.4974,0.58,1.40,-0.04,0.16,0.03,0.42,0.07,-1.17,-2.05,#N/A,100.00,44.62,1.85,1.00,100.00
"AVG(ROW6,ROW7,ROW8,ROW15,ROW12,ROW21,ROW26,ROW30)",3.18,0.0792,1.6383,0.0890,1.4823,0.47,0.31,0.45,1.02,0.58,-0.10,-0.20,-1.16,-1.89,#N/A,100.00,44.87,2.12,1.00,100.00
"AVG(ROW6,ROW7,ROW8,ROW15,ROW12,ROW18,ROW9,ROW21,ROW30,ROW36)",2.88,0.0776,1.6066,0.0950,1.4786,1.09,0.13,0.17,0.26,0.27,0.36,-0.47,-0.83,-1.62,#N/A,100.00,43.34,2.07,1.00,100.00
"AVG(ROW6,ROW7,ROW8,ROW15,ROW12,ROW18,ROW30)",3.25,0.0726,1.5023,0.0887,1.4708,0.31,0.31,0.81,0.10,0.79,-0.04,0.01,-0.90,-1.98,#N/A,100.00,43.30,2.50,1.00,100.00
"AVG(ROW6,ROW7,ROW8,ROW15,ROW18,ROW9)",2.69,0.0567,1.1378,0.0904,1.4686,0.37,0.53,0.04,0.62,0.39,0.24,-0.07,0.50,-1.46,-2.40,92.86,40.19,2.93,1.00,100.00
"AVG(ROW6,ROW7,ROW8,ROW15,ROW12,ROW18,ROW21,ROW26,ROW30,ROW36)",2.74,0.0804,1.6636,0.0959,1.4622,0.91,0.56,-0.24,0.62,0.52,-0.09,-0.05,-1.37,-1.51,#N/A,100.00,44.34,1.88,1.00,100.00
"AVG(ROW6,ROW7,ROW8,ROW15,ROW12,ROW18,ROW9)",2.87,0.0567,1.1363,0.0913,1.4615,0.28,0.85,-0.54,1.02,0.20,0.37,0.00,0.56,-1.63,-2.40,92.86,40.18,2.90,1.00,100.00
"AVG(ROW6,ROW7,ROW8,ROW15,ROW12)",3.10,0.0576,1.1531,0.0910,1.4484,0.37,0.14,0.18,0.94,0.66,0.51,-0.26,0.46,-1.91,-2.40,92.86,40.00,2.91,1.00,100.00
"AVG(ROW6,ROW7,ROW8,ROW15,ROW18,ROW21,ROW30,ROW36)",2.83,0.0785,1.6246,0.0956,1.4432,1.13,-0.01,0.04,0.68,0.13,0.14,0.03,-1.15,-1.59,#N/A,100.00,44.02,2.04,1.00,100.00
"AVG(ROW6,ROW7,ROW8,ROW15,ROW18,ROW9,ROW21,ROW30,ROW36)",2.95,0.0779,1.6128,0.0951,1.4406,1.13,0.40,-0.23,0.37,0.24,0.27,-0.33,-0.77,-1.75,#N/A,100.00,43.62,2.08,1.00,100.00
"AVG(ROW6,ROW7,ROW8,ROW15,ROW12,ROW9)",2.87,0.0585,1.1715,0.0901,1.4213,0.32,0.54,0.09,0.86,0.45,0.57,-0.04,0.13,-1.70,-2.40,92.86,40.01,2.92,1.00,100.00
IQS Decile,3.26,0.0372,0.6502,0.1013,1.4039,0.65,0.82,0.95,0.51,0.21,-1.73,-2.37,0.84,-3.31,-1.00,68.52,37.73,3.11,10.00,100.00
"AVG(ROW6,ROW7,ROW8,ROW15,ROW9,ROW26,ROW30,ROW36)",3.37,0.0806,1.6668,0.0926,1.4002,0.25,1.28,0.48,0.03,0.35,0.05,0.48,-1.31,-2.15,#N/A,100.00,44.15,2.07,1.00,100.00
"AVG(ROW6,ROW7,ROW8,ROW15,ROW12,ROW18,ROW9,ROW21,ROW26,ROW30,ROW36)",2.71,0.0797,1.6497,0.0950,1.3981,1.28,0.30,-0.20,0.66,0.18,0.01,0.15,-1.33,-1.55,#N/A,100.00,43.99,1.93,1.00,100.00
"AVG(ROW6,ROW7,ROW8,ROW15,ROW12,ROW9,ROW21,ROW26,ROW30,ROW36)",3.18,0.0815,1.6851,0.0943,1.3955,0.92,0.86,0.00,0.31,0.34,0.08,-0.01,-1.00,-1.99,#N/A,100.00,44.20,1.91,1.00,100.00
"AVG(ROW6,ROW7,ROW8,ROW15,ROW18,ROW21,ROW26,ROW30)",2.88,0.0779,1.6123,0.0892,1.3717,0.55,0.25,0.95,0.86,0.27,-0.23,-0.96,-0.37,-1.69,#N/A,100.00,45.00,2.15,1.00,100.00
% Tgt Average,2.20,0.0485,0.8723,0.0917,1.3641,0.84,0.42,0.91,1.46,0.44,-0.24,1.06,0.21,-1.07,-1.67,75.23,"4,095.61","26,262.46",-100.00,"53,788,544.00"
"AVG(ROW6,ROW7,ROW8,ROW15,ROW12,ROW9,ROW21,ROW30,ROW36)",2.99,0.0797,1.6494,0.0947,1.3533,1.30,0.26,-0.33,0.84,0.18,0.15,-0.06,-0.97,-1.84,#N/A,100.00,43.50,2.05,1.00,100.00
"AVG(ROW6,ROW7,ROW8,ROW15,ROW18,ROW26,ROW30)",2.95,0.0755,1.5612,0.0875,1.3452,0.36,0.45,0.54,0.90,0.46,0.20,-1.10,-0.42,-1.85,#N/A,100.00,44.67,2.30,1.00,100.00
"AVG(ROW6,ROW7,ROW8,ROW15,ROW12,ROW18,ROW26,ROW30)",2.98,0.0749,1.5494,0.0882,1.3381,0.80,0.48,0.17,0.42,1.09,-0.33,-0.02,-1.16,-1.85,#N/A,100.00,44.25,2.30,1.00,100.00
"AVG(ROW6,ROW7,ROW8,ROW15,ROW12,ROW18,ROW9,ROW21,ROW30)",2.91,0.0746,1.5448,0.0898,1.3356,0.63,0.35,0.06,0.90,0.60,0.15,-0.77,-0.61,-1.75,#N/A,100.00,43.45,2.36,1.00,100.00
"AVG(ROW6,ROW7,ROW8,ROW15,ROW12,ROW18,ROW21)",1.89,0.0583,1.1663,0.0938,1.3351,0.34,0.41,0.50,0.64,0.58,-0.56,-0.16,0.19,-0.72,-2.40,92.86,40.84,2.63,1.00,100.00
"AVG(ROW6,ROW7,ROW8,ROW15,ROW18,ROW21,ROW26)",1.96,0.0627,1.2534,0.0926,1.3340,0.72,0.41,0.47,0.81,0.10,-0.31,-0.20,0.10,-0.80,-2.40,92.86,42.40,2.35,1.00,100.00
"AVG(ROW6,ROW7,ROW8,ROW15,ROW12,ROW21,ROW30)",3.10,0.0773,1.5995,0.0891,1.3312,0.84,0.58,-0.39,1.03,0.55,0.21,-0.56,-0.78,-1.99,#N/A,100.00,44.01,2.33,1.00,100.00
"AVG(ROW6,ROW7,ROW8,ROW15,ROW18)",2.64,0.0556,1.1157,0.0916,1.3262,0.23,0.55,0.44,0.17,0.30,0.34,-0.03,0.79,-1.54,-2.40,92.86,40.23,2.94,1.00,100.00
"AVG(ROW6,ROW7,ROW8,ROW15,ROW18,ROW30)",3.16,0.0736,1.5238,0.0888,1.3191,0.60,0.54,-0.25,1.07,0.80,0.25,-0.78,-0.61,-2.05,#N/A,100.00,43.65,2.51,1.00,100.00
"AVG(ROW6,ROW7,ROW8,ROW15,ROW18,ROW9,ROW30,ROW36)",2.98,0.0769,1.5934,0.0951,1.3190,0.96,0.57,-0.36,0.46,0.81,-0.02,-0.21,-0.85,-1.88,#N/A,100.00,43.09,2.21,1.00,100.00
"AVG(ROW6,ROW7,ROW8,ROW15,ROW12,ROW9,ROW26,ROW30)",3.53,0.0761,1.5736,0.0870,1.3183,0.31,0.75,0.34,0.80,0.61,0.48,-0.42,-0.87,-2.39,#N/A,100.00,44.09,2.35,1.00,100.00
"AVG(ROW6,ROW7,ROW8,ROW15,ROW12,ROW9,ROW30)",3.49,0.0745,1.5414,0.0877,1.3173,0.38,0.43,0.37,0.97,0.93,-0.34,0.07,-0.89,-2.37,#N/A,100.00,43.12,2.53,1.00,100.00
"AVG(ROW6,ROW7,ROW8,ROW15,ROW18,ROW9,ROW30)",3.22,0.0731,1.5156,0.0885,1.3076,0.21,0.74,0.30,0.56,0.71,-0.13,-0.01,-0.76,-2.11,#N/A,100.00,43.26,2.55,1.00,100.00
"AVG(ROW6,ROW7,ROW8,ROW15,ROW18,ROW9,ROW21,ROW26,ROW30,ROW36)",2.59,0.0801,1.6575,0.0946,1.3049,0.80,0.97,0.27,0.02,0.32,-0.15,0.28,-1.47,-1.49,#N/A,100.00,44.31,1.93,1.00,100.00
"AVG(ROW6,ROW7,ROW8,ROW15,ROW18,ROW21,ROW26,ROW30,ROW36)",2.93,0.0813,1.6820,0.0956,1.3038,0.57,1.69,-0.22,0.53,-0.53,0.50,-0.09,-1.00,-1.85,#N/A,100.00,44.73,1.88,1.00,100.00
"AVG(ROW6,ROW7,ROW8,ROW15,ROW12,ROW18,ROW9,ROW21,ROW26,ROW30)",2.95,0.0766,1.5847,0.0896,1.2961,0.60,0.69,0.24,0.55,0.66,0.12,-0.43,-0.94,-1.86,#N/A,100.00,44.20,2.19,1.00,100.00
Fin Sust,0.23,0.0310,0.5428,0.1006,1.2927,0.93,0.39,0.37,-0.09,0.26,1.20,0.88,0.03,0.91,-1.00,68.52,"1,707.01",191.53,1.00,"3,999.00"
"AVG(ROW6,ROW7,ROW8,ROW15,ROW12,ROW26,ROW30)",3.48,0.0771,1.5928,0.0870,1.2896,0.74,0.13,0.55,0.73,0.91,0.25,-0.74,-0.57,-2.41,#N/A,100.00,44.54,2.28,1.00,100.00
"AVG(ROW6,ROW7,ROW8,ROW15,ROW18,ROW30,ROW36)",2.80,0.0777,1.6077,0.0957,1.2742,1.13,0.15,-0.21,0.79,0.53,-0.16,0.65,-1.58,-1.74,#N/A,100.00,43.46,2.17,1.00,100.00
"AVG(ROW6,ROW7,ROW8,ROW15,ROW18,ROW9,ROW21,ROW26,ROW30)",2.75,0.0769,1.5924,0.0890,1.2706,0.38,0.67,0.73,0.64,0.33,0.49,-1.00,-0.93,-1.66,#N/A,100.00,44.54,2.20,1.00,100.00
"AVG(ROW6,ROW7,ROW8,ROW15,ROW12,ROW18,ROW9,ROW21)",2.20,0.0598,1.1985,0.0931,1.2649,0.83,0.17,0.33,1.00,0.20,-0.26,-0.31,0.55,-1.11,-2.40,92.86,40.74,2.62,1.00,100.00
"AVG(ROW6,ROW7,ROW8,ROW15,ROW18,ROW26,ROW30,ROW36)",3.16,0.0798,1.6504,0.0948,1.2642,1.08,0.83,-0.13,0.42,0.47,0.00,-0.33,-0.59,-2.13,#N/A,100.00,44.34,2.01,1.00,100.00
"AVG(ROW6,ROW7,ROW8,ROW15,ROW18,ROW9,ROW21,ROW30)",2.90,0.0752,1.5575,0.0892,1.2470,0.79,0.36,-0.04,1.20,0.47,0.16,-0.81,-0.69,-1.85,#N/A,100.00,43.75,2.38,1.00,100.00
"AVG(ROW6,ROW7,ROW8,ROW15,ROW26,ROW30,ROW36)",3.44,0.0821,1.6960,0.0934,1.2402,0.73,1.22,0.31,0.30,-0.18,0.36,0.38,-1.12,-2.38,#N/A,100.00,44.68,2.00,1.00,100.00
"AVG(ROW6,ROW7,ROW8,ROW15,ROW12,ROW18,ROW21,ROW26)",1.98,0.0621,1.2411,0.0937,1.2370,0.94,-0.04,0.61,0.87,0.05,0.31,-0.65,0.16,-0.91,-2.40,92.86,42.07,2.35,1.00,100.00
"AVG(ROW6,ROW7,ROW8,ROW15,ROW12,ROW26,ROW30,ROW36)",3.57,0.0813,1.6802,0.0945,1.2361,1.00,0.91,-0.33,0.23,0.68,0.48,-0.20,-0.60,-2.56,#N/A,100.00,44.21,1.98,1.00,100.00
"AVG(ROW6,ROW7,ROW8,ROW15,ROW12,ROW21,ROW30,ROW36)",2.97,0.0803,1.6602,0.0954,1.2349,1.61,0.13,-0.37,0.62,0.24,0.24,-0.19,-0.74,-1.92,#N/A,100.00,43.88,2.01,1.00,100.00
"AVG(ROW6,ROW7,ROW8,ROW15,ROW12,ROW18)",2.17,0.0549,1.0997,0.0920,1.2259,0.42,0.17,0.45,0.60,0.45,0.42,-0.40,0.47,-1.16,-2.40,92.86,40.21,2.90,1.00,100.00
"AVG(ROW6,ROW7,ROW8,ROW15,ROW12,ROW18,ROW9,ROW21,ROW24,ROW26,ROW30,ROW36)",2.56,0.0794,1.6431,0.0924,1.2147,1.07,0.58,-0.17,0.31,0.50,0.13,-0.15,-1.08,-1.54,#N/A,100.00,44.33,1.84,1.00,100.00
"AVG(ROW6,ROW7,ROW8,ROW15,ROW12,ROW21,ROW26,ROW36)",2.35,0.0751,1.5223,0.0996,1.2143,1.13,0.05,0.15,0.51,0.41,-0.12,-0.37,-0.96,-1.28,0.85,96.38,43.00,2.10,1.00,100.00
"AVG(ROW6,ROW7,ROW8,ROW15,ROW18,ROW9,ROW26,ROW30)",3.12,0.0746,1.5440,0.0873,1.2083,0.34,0.81,1.23,-0.15,0.22,0.57,-0.64,-0.50,-2.11,#N/A,100.00,44.21,2.37,1.00,100.00
"AVG(ROW6,ROW7,ROW8,ROW15,ROW12,ROW18,ROW21,ROW26,ROW36)",2.14,0.0719,1.4589,0.0999,1.2077,1.24,-0.32,0.38,0.40,0.63,-0.38,-0.87,-0.38,-1.10,0.85,96.38,42.84,2.13,1.00,100.00
"AVG(ROW6,ROW7,ROW8,ROW15,ROW12,ROW9,ROW21,ROW26,ROW30)",2.80,0.0783,1.6191,0.0887,1.2020,0.59,1.08,-0.28,0.95,0.80,-0.19,-0.13,-1.23,-1.79,#N/A,100.00,44.43,2.18,1.00,100.00
AFG Investment Grade,2.62,0.0579,1.0422,0.0881,1.1994,0.92,0.80,-1.69,-1.69,#N/A,#N/A,#N/A,#N/A,#N/A,-1.32,75.23,35.66,4.08,5.00,95.00
"AVG(ROW6,ROW7,ROW8,ROW15,ROW12,ROW26)",2.28,0.0610,1.2189,0.0895,1.1986,0.86,0.18,0.34,0.85,0.51,0.25,0.06,-0.29,-1.26,-2.40,92.86,41.78,2.58,1.00,100.00
"AVG(ROW6,ROW7,ROW8,ROW15,ROW12,ROW18,ROW9,ROW21,ROW26)",2.20,0.0624,1.2477,0.0925,1.1956,0.90,-0.07,0.86,0.67,0.21,-0.08,-0.04,0.08,-1.16,-2.40,92.86,41.82,2.38,1.00,100.00
"AVG(ROW6,ROW7,ROW8,ROW15,ROW9,ROW30)",3.09,0.0750,1.5523,0.0865,1.1899,0.10,0.77,0.77,0.65,0.97,0.06,-0.17,-1.27,-2.12,#N/A,100.00,43.46,2.58,1.00,100.00
"AVG(ROW6,ROW7,ROW8,ROW15,ROW12,ROW26,ROW36)",2.39,0.0736,1.4929,0.0978,1.1746,1.04,0.02,0.50,0.51,0.12,0.50,-0.30,-1.31,-1.43,0.85,96.38,42.47,2.28,1.00,100.00
"AVG(ROW6,ROW7,ROW8,ROW15,ROW12,ROW18,ROW9,ROW21,ROW24,ROW26)",1.71,0.0625,1.2496,0.0894,1.1732,0.15,0.51,0.99,0.56,0.53,-0.34,-0.13,-0.14,-0.68,-2.40,92.86,42.43,2.22,1.00,100.00
"AVG(ROW6,ROW7,ROW8,ROW15,ROW12,ROW18,ROW26,ROW30,ROW36)",2.75,0.0789,1.6337,0.0953,1.1718,1.09,0.43,0.08,0.20,1.15,-0.38,0.22,-1.29,-1.83,#N/A,100.00,43.96,2.01,1.00,100.00
"AVG(ROW6,ROW7,ROW8,ROW15,ROW21,ROW26,ROW30,ROW36)",2.94,0.0836,1.7278,0.0941,1.1695,0.92,1.36,0.17,0.16,-0.03,0.26,-0.16,-0.98,-1.96,#N/A,100.00,45.11,1.87,1.00,100.00
"AVG(ROW6,ROW7,ROW8,ROW15,ROW12,ROW18,ROW26,ROW36)",2.29,0.0705,1.4311,0.0987,1.1632,0.84,-0.21,0.64,0.53,0.75,-0.57,-0.46,-0.56,-1.35,0.85,96.38,42.37,2.31,1.00,100.00
"AVG(ROW6,ROW7,ROW8,ROW15,ROW12,ROW18,ROW9,ROW26,ROW30)",3.14,0.0744,1.5403,0.0883,1.1589,0.70,0.76,0.09,0.45,0.98,-0.28,0.03,-0.78,-2.16,#N/A,100.00,43.89,2.36,1.00,100.00
"AVG(ROW6,ROW7,ROW8,ROW15,ROW12,ROW18,ROW9,ROW24,ROW26,ROW30,ROW36)",2.59,0.0772,1.5988,0.0922,1.1584,0.95,0.63,-0.20,0.08,1.16,-0.12,0.04,-1.20,-1.64,#N/A,100.00,44.02,1.97,1.00,100.00
"AVG(ROW6,ROW7,ROW8,ROW15,ROW18,ROW21,ROW30)",2.74,0.0756,1.5640,0.0895,1.1573,0.98,0.23,0.07,0.92,0.47,0.33,-1.07,-0.43,-1.78,#N/A,100.00,44.16,2.36,1.00,100.00
"AVG(ROW6,ROW7,ROW8,ROW15,ROW18,ROW26,ROW36)",2.26,0.0715,1.4521,0.0983,1.1511,1.05,-0.36,0.79,0.48,0.03,0.08,-0.51,-0.60,-1.33,0.85,96.38,42.64,2.29,1.00,100.00
"AVG(ROW6,ROW7,ROW8,ROW15,ROW12,ROW21,ROW24)",1.70,0.0613,1.2267,0.0878,1.1498,0.39,-0.51,1.13,1.19,0.56,0.24,-0.78,-0.01,-0.70,-2.40,92.86,41.88,2.39,1.00,100.00
"AVG(ROW6,ROW7,ROW8,ROW15,ROW18,ROW21,ROW26,ROW36)",2.39,0.0732,1.4865,0.0997,1.1415,1.17,-0.11,0.46,0.43,0.09,-0.04,-1.01,-0.04,-1.39,0.85,96.38,43.15,2.11,1.00,100.00
 Sector    Name,1.13,#N/A,#N/A,#N/A,1.1402,0.70,-4.92,0.47,2.53,-0.08,-1.12,-0.77,2.42,-0.35,#N/A,100.00,#N/A,#N/A,#N/A,#N/A
"AVG(ROW6,ROW7,ROW8,ROW15,ROW12,ROW9,ROW26,ROW36)",2.03,0.0724,1.4710,0.0966,1.1344,1.04,-0.10,0.55,0.54,-0.43,0.78,0.10,-1.68,-1.12,0.85,96.38,42.18,2.35,1.00,100.00
"AVG(ROW6,ROW7,ROW8,ROW15,ROW12,ROW18,ROW9,ROW21,ROW26,ROW36)",2.11,0.0721,1.4636,0.0989,1.1337,1.37,-0.12,0.16,0.75,-0.11,0.24,-0.84,-0.64,-1.14,0.85,96.38,42.56,2.17,1.00,100.00
"AVG(ROW6,ROW7,ROW8,ROW15,ROW21,ROW30)",2.79,0.0784,1.6212,0.0874,1.1335,0.75,0.75,0.34,0.67,0.54,-0.16,-0.28,-1.06,-1.86,#N/A,100.00,44.60,2.41,1.00,100.00
"AVG(ROW6,ROW7,ROW8,ROW15,ROW12,ROW18,ROW9,ROW21,ROW36)",2.30,0.0692,1.4046,0.0990,1.1294,1.13,-0.30,0.51,0.33,0.48,-0.53,-0.66,0.18,-1.37,0.85,96.38,41.68,2.35,1.00,100.00
AFG CO Grade Scaled,2.70,0.0555,0.9982,0.0912,1.1208,1.07,0.42,-0.59,-1.92,#N/A,#N/A,#N/A,#N/A,#N/A,-1.31,74.20,35.47,3.32,5.00,95.00
"AVG(ROW6,ROW7,ROW8,ROW15,ROW18,ROW9,ROW21,ROW26,ROW36)",2.37,0.0725,1.4712,0.0983,1.1208,1.01,0.52,0.18,0.30,-0.33,0.42,-0.49,-0.56,-1.43,0.85,96.38,42.80,2.16,1.00,100.00
"AVG(ROW6,ROW7,ROW8,ROW15,ROW12,ROW18,ROW9,ROW26,ROW30,ROW36)",2.83,0.0780,1.6163,0.0948,1.1204,1.35,0.38,-0.11,0.41,0.78,-0.28,0.44,-1.24,-1.94,#N/A,100.00,43.62,2.07,1.00,100.00
"AVG(ROW6,ROW7,ROW8,ROW15,ROW21,ROW36)",2.22,0.0721,1.4632,0.0981,1.1152,1.26,0.36,-0.27,0.46,0.49,0.15,-1.16,-0.37,-1.28,0.85,96.38,42.17,2.37,1.00,100.00
"AVG(ROW6,ROW7,ROW8,ROW15,ROW18,ROW21)",1.91,0.0584,1.1698,0.0935,1.1130,0.55,0.62,0.07,0.87,0.28,-0.34,-0.33,0.70,-0.96,-2.40,92.86,40.99,2.68,1.00,100.00
"AVG(ROW6,ROW7,ROW8,ROW15,ROW12,ROW9,ROW26)",2.40,0.0605,1.2095,0.0888,1.1112,0.92,0.39,0.21,0.66,0.87,-0.06,0.02,-0.01,-1.49,-2.40,92.86,41.51,2.64,1.00,100.00
"AVG(ROW6,ROW7,ROW8,ROW15,ROW21,ROW26,ROW30)",2.63,0.0798,1.6487,0.0875,1.1058,0.43,0.99,0.45,0.52,0.55,0.15,-0.53,-1.06,-1.69,#N/A,100.00,45.46,2.15,1.00,100.00
"AVG(ROW6,ROW7,ROW8,ROW15,ROW18,ROW9,ROW26,ROW30,ROW36)",2.97,0.0786,1.6280,0.0942,1.1033,1.13,0.48,0.70,-0.26,0.61,-0.07,0.32,-1.06,-2.08,#N/A,100.00,43.91,2.07,1.00,100.00
"AVG(ROW6,ROW7,ROW8,ROW15,ROW9,ROW21,ROW26,ROW30)",2.69,0.0782,1.6166,0.0879,1.1002,0.00,1.48,0.25,0.70,0.24,1.03,-0.77,-1.33,-1.75,#N/A,100.00,44.86,2.20,1.00,100.00
"AVG(ROW6,ROW7,ROW8,ROW15,ROW12,ROW18,ROW21,ROW24,ROW26,ROW30,ROW36)",2.15,0.0797,1.6480,0.0925,1.0997,1.25,0.60,0.15,-0.29,0.81,0.24,-0.45,-1.29,-1.27,#N/A,100.00,44.67,1.79,1.00,100.00
"AVG(ROW6,ROW7,ROW8,ROW15,ROW9,ROW21,ROW26,ROW30,ROW36)",2.68,0.0821,1.6970,0.0935,1.0996,0.81,1.29,0.19,0.12,0.37,0.06,-0.11,-1.17,-1.79,#N/A,100.00,44.58,1.93,1.00,100.00
"AVG(ROW6,ROW7,ROW8,ROW15,ROW18,ROW9,ROW26,ROW36)",2.16,0.0705,1.4336,0.0967,1.0995,0.88,0.29,0.34,0.36,-0.12,0.61,-0.62,-0.80,-1.27,0.85,96.38,42.32,2.35,1.00,100.00
"AVG(ROW6,ROW7,ROW8,ROW15,ROW12,ROW9,ROW21,ROW24,ROW26)",1.74,0.0645,1.2876,0.0878,1.0884,0.58,0.14,0.46,1.26,0.40,0.36,-0.16,-0.81,-0.81,-2.40,92.86,42.60,2.20,1.00,100.00
"AVG(ROW6,ROW7,ROW8,ROW15,ROW12,ROW18,ROW9,ROW21,ROW24)",1.64,0.0600,1.2019,0.0899,1.0843,0.72,-0.50,0.95,1.20,0.27,-0.31,-0.25,0.16,-0.69,-2.40,92.86,41.55,2.42,1.00,100.00
"AVG(ROW6,ROW7,ROW8,ROW15,ROW21)",2.06,0.0602,1.2060,0.0917,1.0800,0.65,0.91,-0.06,1.11,0.11,0.09,-0.22,0.06,-1.12,-2.40,92.86,40.99,2.77,1.00,100.00
"AVG(ROW6,ROW7,ROW8,ROW15,ROW12,ROW18,ROW36)",2.37,0.0669,1.3604,0.0991,1.0789,0.53,0.15,0.69,0.35,0.28,-0.23,-0.07,-0.46,-1.54,0.85,96.38,41.20,2.52,1.00,100.00
"AVG(ROW6,ROW7,ROW8,ROW15,ROW12,ROW18,ROW21,ROW24,ROW26)",1.06,0.0626,1.2508,0.0893,1.0787,0.48,0.06,1.18,1.08,-0.01,-0.12,-0.71,-0.27,-0.13,-2.40,92.86,42.73,2.18,1.00,100.00
"AVG(ROW6,ROW7,ROW8,ROW15,ROW12,ROW9,ROW21,ROW24)",1.54,0.0618,1.2361,0.0881,1.0701,0.71,-0.56,0.87,1.12,1.10,-0.43,-0.26,-0.40,-0.63,-2.40,92.86,41.63,2.42,1.00,100.00
"AVG(ROW6,ROW7,ROW8,ROW15,ROW12,ROW18,ROW9,ROW26,ROW36)",2.45,0.0701,1.4245,0.0976,1.0676,0.73,0.36,0.44,0.41,0.21,-0.12,-0.21,-0.49,-1.60,0.85,96.38,42.12,2.36,1.00,100.00
"AVG(ROW6,ROW7,ROW8,ROW15,ROW12,ROW9,ROW21,ROW36)",2.11,0.0710,1.4420,0.0987,1.0676,1.24,0.11,-0.12,0.52,0.38,0.00,-0.41,-0.77,-1.23,0.85,96.38,41.69,2.35,1.00,100.00
"AVG(ROW6,ROW7,ROW8,ROW15,ROW12,ROW9,ROW26,ROW30,ROW36)",3.09,0.0803,1.6613,0.0941,1.0657,1.15,0.55,0.51,-0.32,0.91,0.11,0.10,-0.97,-2.23,#N/A,100.00,43.80,2.05,1.00,100.00
"AVG(ROW6,ROW7,ROW8,ROW15,ROW12,ROW30,ROW36)",2.96,0.0795,1.6437,0.0946,1.0633,1.45,0.13,-0.52,1.14,0.72,-0.18,0.44,-1.28,-2.11,#N/A,100.00,43.30,2.14,1.00,100.00
"AVG(ROW6,ROW7,ROW8,ROW15,ROW9,ROW21,ROW30)",2.97,0.0767,1.5878,0.0875,1.0623,0.32,0.77,0.71,0.61,0.95,0.00,-0.61,-0.82,-2.10,#N/A,100.00,44.03,2.41,1.00,100.00
EBITDA/EV,1.49,-0.0649,-1.1130,0.1173,1.0613,-1.06,-2.51,-1.17,-0.51,1.72,0.95,1.99,1.26,-0.81,0.33,68.64,44.67,2.22,1.00,100.00
"AVG(ROW6,ROW7,ROW8,ROW15,ROW12,ROW18,ROW9,ROW21,ROW24,ROW36)",2.06,0.0693,1.4085,0.0955,1.0528,0.85,-0.03,0.11,0.76,0.51,-0.42,-0.57,-0.21,-1.18,0.85,96.38,42.30,2.18,1.00,100.00
"AVG(ROW6,ROW7,ROW8,ROW15,ROW30)",3.00,0.0764,1.5800,0.0862,1.0468,0.68,0.28,0.38,0.89,0.96,0.44,-0.51,-1.17,-2.15,#N/A,100.00,44.00,2.55,1.00,100.00
"AVG(ROW6,ROW7,ROW8,ROW15,ROW18,ROW21,ROW36)",2.16,0.0686,1.3930,0.0997,1.0462,1.10,-0.13,0.40,0.64,-0.27,0.17,-0.80,-0.07,-1.29,0.85,96.38,42.08,2.35,1.00,100.00
"AVG(ROW6,ROW7,ROW8,ROW15,ROW12,ROW9,ROW21,ROW30)",3.00,0.0767,1.5878,0.0889,1.0442,1.00,0.56,-0.60,1.70,0.57,0.23,-0.58,-0.84,-2.18,#N/A,100.00,43.62,2.36,1.00,100.00
"AVG(ROW6,ROW7,ROW8,ROW15,ROW9,ROW21,ROW30,ROW36)",2.78,0.0804,1.6629,0.0938,1.0297,0.91,1.08,0.26,0.00,0.17,0.40,-0.28,-0.80,-1.94,#N/A,100.00,43.85,2.08,1.00,100.00
"AVG(ROW6,ROW7,ROW8,ROW15,ROW18,ROW9,ROW21,ROW26)",1.88,0.0624,1.2484,0.0917,1.0284,0.87,1.06,0.16,0.15,0.24,0.65,-0.42,-0.12,-1.00,-2.40,92.86,42.07,2.39,1.00,100.00
"AVG(ROW6,ROW7,ROW8,ROW15,ROW18,ROW21,ROW24,ROW26)",0.98,0.0637,1.2727,0.0873,1.0277,0.24,0.72,0.85,0.71,0.63,-0.21,-1.00,-0.27,-0.11,-2.40,92.86,43.09,2.15,1.00,100.00
"AVG(ROW6,ROW7,ROW8,ROW15,ROW18,ROW24,ROW30)",2.42,0.0717,1.4857,0.0851,1.0271,0.37,0.56,0.65,0.63,0.40,0.29,-0.50,-0.90,-1.61,#N/A,100.00,44.35,2.34,1.00,100.00
"AVG(ROW6,ROW7,ROW8,ROW15,ROW18,ROW26)",1.87,0.0587,1.1736,0.0899,1.0254,1.10,0.19,0.94,0.11,0.32,-0.27,0.16,0.12,-1.06,-2.40,92.86,41.97,2.60,1.00,100.00
"AVG(ROW6,ROW7,ROW8,ROW15,ROW12,ROW18,ROW21,ROW24,ROW26,ROW30)",1.77,0.0766,1.5862,0.0877,1.0251,0.74,0.65,-0.32,1.11,0.85,-0.19,-0.37,-1.61,-0.92,#N/A,100.00,44.96,2.04,1.00,100.00
"AVG(ROW6,ROW7,ROW8,ROW15,ROW12,ROW18,ROW24,ROW26,ROW30,ROW36)",2.31,0.0777,1.6079,0.0921,1.0215,1.09,0.77,-0.27,0.04,1.33,-0.34,-0.07,-1.17,-1.54,#N/A,100.00,44.37,1.91,1.00,100.00
"AVG(ROW6,ROW7,ROW8,ROW15,ROW12,ROW18,ROW9,ROW36)",2.14,0.0679,1.3821,0.0985,0.9994,1.19,-0.29,0.34,0.44,-0.09,0.23,-0.21,-0.49,-1.39,0.85,96.38,41.08,2.54,1.00,100.00
"AVG(ROW6,ROW7,ROW8,ROW15,ROW12,ROW9,ROW24,ROW26)",1.03,0.0596,1.1918,0.0855,0.9857,0.27,0.21,1.01,0.79,0.39,0.16,0.32,-1.26,-0.20,-2.40,92.86,42.31,2.45,1.00,100.00
"AVG(ROW6,ROW7,ROW8,ROW15,ROW9,ROW21,ROW26)",1.70,0.0635,1.2693,0.0900,0.9800,0.73,1.19,-0.09,0.43,0.74,0.44,-0.21,-0.75,-0.89,-2.40,92.86,42.25,2.40,1.00,100.00
"AVG(ROW6,ROW7,ROW8,ROW15,ROW18,ROW9,ROW21)",1.83,0.0591,1.1850,0.0927,0.9797,0.96,0.56,-0.22,0.81,0.71,-0.56,0.02,0.43,-1.03,-2.40,92.86,40.85,2.66,1.00,100.00
"AVG(ROW6,ROW7,ROW8,ROW15,ROW12,ROW9,ROW21,ROW26,ROW36)",1.95,0.0744,1.5085,0.0982,0.9792,1.34,0.38,0.08,0.47,-0.11,0.11,0.01,-1.31,-1.15,0.85,96.38,42.68,2.15,1.00,100.00
"AVG(ROW6,ROW7,ROW8,ROW15,ROW21,ROW30,ROW36)",2.62,0.0812,1.6777,0.0945,0.9777,1.44,0.93,-0.27,0.40,-0.17,0.41,-0.14,-0.88,-1.82,#N/A,100.00,44.36,2.06,1.00,100.00
"AVG(ROW6,ROW7,ROW8,ROW15,ROW18,ROW36)",2.23,0.0683,1.3885,0.0989,0.9771,0.79,0.16,0.24,0.61,0.07,0.22,-0.44,-0.32,-1.49,0.85,96.38,41.31,2.53,1.00,100.00
"AVG(ROW6,ROW7,ROW8,ROW15,ROW18,ROW9,ROW24,ROW26,ROW36)",2.01,0.0707,1.4355,0.0929,0.9719,0.61,0.84,0.07,0.42,-0.36,0.66,-0.22,-0.93,-1.24,0.85,96.38,42.92,2.19,1.00,100.00
"AVG(ROW6,ROW7,ROW8,ROW15,ROW12,ROW9,ROW36)",2.17,0.0704,1.4321,0.0976,0.9667,1.41,-0.44,0.19,1.10,-0.22,0.38,-0.24,-0.83,-1.45,0.85,96.38,40.98,2.54,1.00,100.00
"AVG(ROW6,ROW7,ROW8,ROW15,ROW12,ROW36)",2.15,0.0704,1.4308,0.0984,0.9618,1.06,0.20,0.01,0.85,0.15,-0.15,0.13,-0.98,-1.42,0.85,96.38,41.10,2.51,1.00,100.00
"AVG(ROW6,ROW7,ROW8,ROW15,ROW12,ROW18,ROW9,ROW21,ROW24,ROW26,ROW36)",1.95,0.0723,1.4669,0.0956,0.9563,0.72,0.80,0.00,0.23,0.63,-0.40,-0.37,-0.63,-1.14,0.85,96.38,43.04,2.03,1.00,100.00
"AVG(ROW6,ROW7,ROW8,ROW15,ROW12,ROW9,ROW24,ROW26,ROW30,ROW36)",2.54,0.0788,1.6307,0.0910,0.9448,0.81,1.05,-0.24,0.73,0.04,0.41,0.19,-1.20,-1.83,#N/A,100.00,44.22,1.95,1.00,100.00
"AVG(ROW6,ROW7,ROW8,ROW15,ROW21,ROW26)",1.97,0.0655,1.3076,0.0908,0.9389,0.90,0.90,-0.09,1.15,0.18,0.38,-0.58,-0.05,-1.19,-2.40,92.86,42.67,2.37,1.00,100.00
"AVG(ROW6,ROW7,ROW8,ROW15,ROW12,ROW18,ROW21,ROW36)",2.17,0.0681,1.3826,0.1000,0.9348,0.82,0.48,0.44,0.17,0.45,-0.77,-0.24,-0.05,-1.43,0.85,96.38,41.86,2.33,1.00,100.00
"AVG(ROW6,ROW7,ROW8,ROW15,ROW12,ROW9,ROW21,ROW26)",1.90,0.0638,1.2744,0.0912,0.9343,1.36,0.17,0.54,0.37,0.63,0.47,0.28,-0.94,-1.15,-2.40,92.86,41.93,2.38,1.00,100.00
"AVG(ROW6,ROW7,ROW8,ROW15,ROW12,ROW9,ROW21,ROW24,ROW26,ROW30)",2.00,0.0778,1.6081,0.0863,0.9341,0.64,0.51,0.12,1.39,0.71,-0.31,0.02,-1.89,-1.29,#N/A,100.00,44.84,2.07,1.00,100.00
"AVG(ROW6,ROW7,ROW8,ROW15,ROW12,ROW18,ROW24,ROW30,ROW36)",2.29,0.0748,1.5496,0.0922,0.9333,0.86,0.43,0.22,0.33,0.78,-0.14,0.38,-1.33,-1.54,#N/A,100.00,43.68,2.03,1.00,100.00
"AVG(ROW6,ROW7,ROW8,ROW15,ROW9,ROW26,ROW30)",2.98,0.0759,1.5689,0.0859,0.9305,0.49,0.87,0.53,0.59,0.24,1.01,-0.44,-1.12,-2.23,#N/A,100.00,44.50,2.37,1.00,100.00
"AVG(ROW6,ROW7,ROW8,ROW15,ROW12,ROW21,ROW26)",1.95,0.0646,1.2897,0.0924,0.9276,1.28,0.56,-0.19,0.91,0.78,-0.09,-0.42,0.07,-1.16,-2.40,92.86,42.23,2.34,1.00,100.00
"AVG(ROW6,ROW7,ROW8,ROW15,ROW12,ROW18,ROW21,ROW24)",1.09,0.0586,1.1740,0.0899,0.9271,0.70,-0.71,1.17,1.31,0.32,-0.09,-0.82,0.10,-0.34,-2.40,92.86,41.77,2.40,1.00,100.00
"AVG(ROW6,ROW7,ROW8,ROW15,ROW12,ROW9,ROW30,ROW36)",2.66,0.0786,1.6279,0.0942,0.9256,1.65,0.24,-0.40,1.07,0.30,-0.13,0.54,-1.35,-1.94,#N/A,100.00,42.95,2.19,1.00,100.00
"AVG(ROW6,ROW7,ROW8,ROW15,ROW21,ROW24)",1.44,0.0618,1.2353,0.0836,0.9215,0.43,0.26,0.61,0.76,0.60,0.82,-1.49,0.46,-0.70,-2.40,92.86,42.26,2.43,1.00,100.00
"AVG(ROW6,ROW7,ROW8,ROW15,ROW12,ROW18,ROW9,ROW24,ROW26,ROW36)",2.25,0.0701,1.4244,0.0946,0.9144,0.90,0.17,0.32,0.59,0.19,-0.13,0.09,-0.66,-1.52,0.85,96.38,42.69,2.21,1.00,100.00
"AVG(ROW6,ROW7,ROW8,ROW15,ROW12,ROW18,ROW26)",1.88,0.0579,1.1595,0.0910,0.9128,1.02,-0.05,0.80,0.78,0.43,-0.61,0.16,0.32,-1.16,-2.40,92.86,41.69,2.61,1.00,100.00
"AVG(ROW6,ROW7,ROW8,ROW15,ROW12,ROW18,ROW9,ROW21,ROW24,ROW26,ROW30)",2.04,0.0765,1.5831,0.0878,0.9094,0.66,0.98,-0.07,1.04,0.53,-0.25,-0.01,-1.49,-1.34,#N/A,100.00,44.60,2.09,1.00,100.00
"AVG(ROW6,ROW7,ROW8,ROW15,ROW18,ROW9,ROW21,ROW36)",2.12,0.0692,1.4069,0.0989,0.9082,1.38,-0.10,-0.05,0.64,0.33,-0.44,-0.70,0.20,-1.39,0.85,96.38,41.84,2.36,1.00,100.00
"AVG(ROW6,ROW7,ROW8,ROW15,ROW12,ROW18,ROW9,ROW21,ROW24,ROW30)",2.06,0.0740,1.5342,0.0879,0.9068,1.50,-0.48,-0.03,1.57,0.57,-0.12,-0.64,-1.01,-1.32,#N/A,100.00,43.98,2.23,1.00,100.00
"AVG(ROW6,ROW7,ROW8,ROW15,ROW12,ROW18,ROW9,ROW24,ROW30,ROW36)",2.26,0.0749,1.5530,0.0923,0.9049,1.38,-0.06,0.18,0.30,0.77,-0.32,0.66,-1.43,-1.58,#N/A,100.00,43.38,2.08,1.00,100.00
"AVG(ROW6,ROW7,ROW8,ROW15,ROW18,ROW9,ROW36)",2.18,0.0687,1.3969,0.0976,0.9046,1.61,-0.68,0.49,0.38,0.39,-0.12,-0.51,-0.19,-1.52,0.85,96.38,41.15,2.56,1.00,100.00
"AVG(ROW6,ROW7,ROW8,ROW15,ROW12,ROW18,ROW9,ROW24,ROW30)",2.63,0.0718,1.4883,0.0873,0.8956,1.15,0.04,0.03,1.28,0.36,-0.15,-0.23,-0.47,-1.92,#N/A,100.00,43.65,2.39,1.00,100.00
"AVG(ROW6,ROW7,ROW8,ROW15,ROW18,ROW9,ROW24,ROW26)",1.36,0.0578,1.1567,0.0855,0.8756,0.04,1.03,0.97,0.14,0.16,0.48,-0.20,-0.29,-0.64,-2.40,92.86,42.44,2.45,1.00,100.00
"AVG(ROW6,ROW7,ROW8,ROW15,ROW18,ROW9,ROW21,ROW24,ROW26)",1.10,0.0630,1.2591,0.0876,0.8698,0.32,1.14,0.46,0.84,0.01,0.50,-0.81,-0.35,-0.38,-2.40,92.86,42.72,2.21,1.00,100.00
"AVG(ROW6,ROW7,ROW8,ROW15,ROW12,ROW18,ROW9,ROW26)",1.93,0.0583,1.1675,0.0901,0.8659,0.94,0.26,0.82,0.52,0.21,0.02,-0.06,0.33,-1.25,-2.40,92.86,41.46,2.65,1.00,100.00
"AVG(ROW6,ROW7,ROW8,ROW15,ROW12,ROW18,ROW21,ROW24,ROW30)",1.98,0.0736,1.5240,0.0874,0.8620,0.94,0.27,-0.16,1.15,0.93,-0.01,-0.99,-0.77,-1.30,#N/A,100.00,44.30,2.19,1.00,100.00
"AVG(ROW6,ROW7,ROW8,ROW15,ROW12,ROW9,ROW24,ROW26,ROW36)",1.50,0.0724,1.4689,0.0929,0.8620,0.84,0.57,-0.08,0.59,0.07,1.02,-0.59,-1.57,-0.84,0.85,96.38,42.81,2.19,1.00,100.00
"AVG(ROW6,ROW7,ROW8,ROW15,ROW12,ROW18,ROW21,ROW24,ROW36)",1.63,0.0684,1.3881,0.0956,0.8545,0.57,0.39,-0.16,0.85,0.69,-0.10,-0.77,-0.51,-0.94,0.85,96.38,42.53,2.15,1.00,100.00
"AVG(ROW6,ROW7,ROW8,ROW15,ROW18,ROW21,ROW24)",1.40,0.0593,1.1867,0.0879,0.8526,0.68,-0.09,0.34,1.66,0.12,0.06,-0.82,0.55,-0.73,-2.40,92.86,42.04,2.41,1.00,100.00
"AVG(ROW6,ROW7,ROW8,ROW15,ROW12,ROW21,ROW24,ROW26)",1.15,0.0655,1.3073,0.0876,0.8525,0.68,0.29,0.78,0.63,0.92,0.09,-0.63,-0.54,-0.47,-2.40,92.86,42.96,2.14,1.00,100.00
"AVG(ROW6,ROW7,ROW8,ROW15,ROW12,ROW18,ROW9,ROW24,ROW26)",1.68,0.0579,1.1597,0.0874,0.8525,0.35,0.12,1.13,0.86,0.34,-0.19,0.01,0.05,-0.99,-2.40,92.86,42.18,2.48,1.00,100.00
"AVG(ROW6,ROW7,ROW8,ROW15,ROW12,ROW21,ROW24,ROW26,ROW30)",1.72,0.0786,1.6251,0.0862,0.8449,0.96,0.62,0.05,1.06,0.68,-0.18,-0.30,-1.80,-1.06,#N/A,100.00,45.28,2.01,1.00,100.00
"AVG(ROW6,ROW7,ROW8,ROW15,ROW18,ROW9,ROW26)",1.63,0.0587,1.1747,0.0892,0.8435,0.95,0.85,0.32,0.35,-0.13,0.47,0.17,-0.28,-1.00,-2.40,92.86,41.66,2.65,1.00,100.00
"AVG(ROW6,ROW7,ROW8,ROW15,ROW12,ROW18,ROW24,ROW26,ROW36)",1.92,0.0708,1.4375,0.0943,0.8423,0.55,0.29,0.49,0.70,0.41,-0.21,-0.43,-0.54,-1.30,0.85,96.38,42.97,2.15,1.00,100.00
"AVG(ROW6,ROW7,ROW8,ROW15,ROW12,ROW18,ROW9,ROW21,ROW24,ROW30,ROW36)",2.21,0.0770,1.5932,0.0923,0.8419,1.83,-0.06,-0.23,0.46,0.83,-0.14,-0.24,-0.86,-1.55,#N/A,100.00,43.77,1.95,1.00,100.00
"AVG(ROW6,ROW7,ROW8,ROW15,ROW9,ROW21,ROW36)",2.02,0.0715,1.4513,0.0972,0.8414,1.81,-0.46,0.42,0.30,0.15,-0.05,-0.62,-0.28,-1.37,0.85,96.38,41.89,2.38,1.00,100.00
"AVG(ROW6,ROW7,ROW8,ROW15,ROW26,ROW36)",1.79,0.0747,1.5135,0.0965,0.8391,1.00,0.83,0.35,0.25,0.17,0.36,-0.46,-1.44,-1.15,0.85,96.38,42.80,2.28,1.00,100.00
"AVG(ROW6,ROW7,ROW8,ROW15,ROW12,ROW24,ROW26)",0.94,0.0609,1.2165,0.0848,0.8344,0.59,0.21,0.58,0.50,1.20,-0.13,-0.04,-0.90,-0.26,-2.40,92.86,42.67,2.37,1.00,100.00
"AVG(ROW6,ROW7,ROW8,ROW15,ROW12,ROW18,ROW24,ROW30)",2.22,0.0712,1.4767,0.0867,0.8342,0.79,0.20,0.38,0.83,1.15,-0.83,0.03,-0.89,-1.56,#N/A,100.00,43.97,2.34,1.00,100.00
"AVG(ROW6,ROW7,ROW8,ROW15,ROW12,ROW18,ROW9,ROW24,ROW26,ROW30)",2.17,0.0732,1.5171,0.0864,0.8303,0.58,0.87,0.39,0.23,0.76,-0.04,0.04,-1.20,-1.56,#N/A,100.00,44.36,2.25,1.00,100.00
"AVG(ROW6,ROW7,ROW8,ROW15,ROW9,ROW26,ROW36)",1.72,0.0729,1.4799,0.0953,0.8301,1.06,0.38,0.59,-0.08,0.27,0.63,-0.12,-1.76,-1.06,0.85,96.38,42.41,2.36,1.00,100.00
"AVG(ROW6,ROW7,ROW8,ROW15,ROW12,ROW21,ROW36)",1.91,0.0706,1.4322,0.0993,0.8293,1.38,-0.33,0.64,0.35,0.25,-0.37,0.10,-0.92,-1.28,0.85,96.38,41.90,2.33,1.00,100.00
"AVG(ROW6,ROW7,ROW8,ROW15,ROW9,ROW30,ROW36)",2.41,0.0792,1.6395,0.0935,0.8258,1.29,0.52,0.28,0.58,0.21,0.55,0.06,-1.62,-1.78,#N/A,100.00,43.24,2.22,1.00,100.00
"AVG(ROW6,ROW7,ROW8,ROW15,ROW12,ROW9,ROW21)",1.53,0.0611,1.2232,0.0924,0.8248,1.26,0.28,0.06,1.31,0.19,-0.04,-0.09,-0.39,-0.88,-2.40,92.86,40.69,2.64,1.00,100.00
"AVG(ROW6,ROW7,ROW8,ROW15,ROW18,ROW9,ROW24,ROW30)",2.66,0.0720,1.4929,0.0858,0.8216,0.65,0.83,0.40,0.12,1.07,-0.42,-0.05,-0.59,-2.04,#N/A,100.00,43.93,2.39,1.00,100.00
"AVG(ROW6,ROW7,ROW8,ROW15,ROW12,ROW18,ROW21,ROW24,ROW26,ROW36)",1.65,0.0724,1.4684,0.0953,0.8210,0.58,0.82,0.40,0.17,0.74,-0.32,-1.00,-0.43,-0.98,0.85,96.38,43.33,1.98,1.00,100.00
"AVG(ROW6,ROW7,ROW8,ROW15,ROW12,ROW21)",1.62,0.0598,1.1971,0.0932,0.8160,1.37,0.08,0.43,0.62,0.55,-0.18,-0.09,-0.06,-0.97,-2.40,92.86,40.79,2.65,1.00,100.00
"AVG(ROW6,ROW7,ROW8,ROW15,ROW21,ROW26,ROW36)",1.82,0.0761,1.5424,0.0979,0.8122,1.19,0.85,0.35,0.16,0.15,0.00,-0.74,-0.88,-1.17,0.85,96.38,43.39,2.11,1.00,100.00
"AVG(ROW6,ROW7,ROW8,ROW15,ROW9,ROW21,ROW24,ROW26)",1.12,0.0650,1.2961,0.0854,0.8066,0.88,0.13,1.22,0.61,0.35,0.45,-0.09,-1.26,-0.48,-2.40,92.86,42.95,2.19,1.00,100.00
"AVG(ROW6,ROW7,ROW8,ROW15,ROW26,ROW30)",2.87,0.0774,1.5989,0.0858,0.7931,1.17,0.55,0.03,0.48,1.36,0.27,-0.77,-0.67,-2.29,#N/A,100.00,45.11,2.30,1.00,100.00
"AVG(ROW6,ROW7,ROW8,ROW15,ROW9,ROW36)",1.91,0.0706,1.4363,0.0963,0.7928,1.58,-0.20,-0.04,0.77,0.52,-0.18,-0.26,-0.90,-1.35,0.85,96.38,41.05,2.58,1.00,100.00
Economic Margin Momentum,2.02,0.0445,0.7927,0.0747,0.7912,1.18,0.63,0.60,-1.45,#N/A,#N/A,#N/A,#N/A,#N/A,-1.65,75.51,2.93,0.12,1.00,5.00
"AVG(ROW6,ROW7,ROW8,ROW15,ROW9,ROW21,ROW26,ROW36)",2.08,0.0741,1.5022,0.0968,0.7888,0.68,1.25,-0.06,0.72,-0.19,0.16,0.02,-1.18,-1.43,0.85,96.38,42.97,2.16,1.00,100.00
"AVG(ROW6,ROW7,ROW8,ROW15,ROW12,ROW9,ROW24,ROW26,ROW30)",2.54,0.0749,1.5502,0.0852,0.7850,0.56,1.13,0.60,-0.19,0.98,0.14,0.07,-1.21,-1.99,#N/A,100.00,44.59,2.23,1.00,100.00
"AVG(ROW6,ROW7,ROW8,ROW15,ROW12,ROW18,ROW21,ROW24,ROW30,ROW36)",1.90,0.0764,1.5809,0.0921,0.7789,1.27,0.20,0.44,-0.34,1.36,-0.20,-0.09,-1.16,-1.30,#N/A,100.00,44.08,1.91,1.00,100.00
"AVG(ROW6,ROW7,ROW8,ROW15,ROW9,ROW26)",1.48,0.0604,1.2054,0.0872,0.7755,1.08,0.51,0.36,0.28,0.89,0.64,-0.46,-0.66,-0.91,-2.40,92.86,41.76,2.66,1.00,100.00
"AVG(ROW6,ROW7,ROW8,ROW15,ROW18,ROW9,ROW21,ROW24)",1.40,0.0602,1.2059,0.0881,0.7642,1.06,-0.26,0.50,1.01,0.77,-0.42,-0.24,0.16,-0.79,-2.40,92.86,41.76,2.42,1.00,100.00
"AVG(ROW6,ROW7,ROW8,ROW15,ROW30,ROW36)",2.62,0.0801,1.6556,0.0936,0.7573,1.23,1.21,-0.54,0.67,0.59,0.03,0.31,-1.39,-2.03,#N/A,100.00,43.71,2.17,1.00,100.00
"AVG(ROW6,ROW7,ROW8,ROW15,ROW12,ROW18,ROW24,ROW26)",0.78,0.0582,1.1645,0.0869,0.7442,0.93,-0.15,0.56,1.75,-0.05,-0.39,-0.22,-0.23,-0.22,-2.40,92.86,42.48,2.42,1.00,100.00
"AVG(ROW6,ROW7,ROW8,ROW15,ROW9)",2.09,0.0574,1.1507,0.0885,0.7311,0.96,0.52,0.86,0.22,0.52,0.65,-0.60,0.33,-1.58,-2.40,92.86,40.00,2.99,1.00,100.00
"AVG(ROW6,ROW7,ROW8,ROW15,ROW18,ROW24,ROW26)",0.93,0.0589,1.1767,0.0850,0.7307,0.69,0.01,1.15,0.76,0.21,-0.10,-0.56,0.05,-0.38,-2.40,92.86,42.82,2.38,1.00,100.00
"AVG(ROW6,ROW7,ROW8,ROW15,ROW12,ROW18,ROW24,ROW26,ROW30)",1.52,0.0735,1.5219,0.0862,0.7274,0.94,0.67,0.47,0.75,0.13,-0.22,-0.05,-1.52,-1.02,#N/A,100.00,44.73,2.19,1.00,100.00
"AVG(ROW6,ROW7,ROW8,ROW15,ROW12,ROW24,ROW26,ROW30,ROW36)",2.39,0.0795,1.6428,0.0911,0.6976,1.29,0.94,-0.14,0.57,0.55,-0.08,0.18,-1.15,-1.93,#N/A,100.00,44.62,1.88,1.00,100.00
"AVG(ROW6,ROW7,ROW8,ROW15,ROW26)",1.53,0.0617,1.2312,0.0877,0.6947,1.44,0.21,0.39,0.44,0.68,0.62,-0.68,-0.26,-1.03,-2.40,92.86,42.15,2.60,1.00,100.00
"AVG(ROW6,ROW7,ROW8,ROW15,ROW12,ROW9,ROW21,ROW24,ROW26,ROW30,ROW36)",2.44,0.0809,1.6729,0.0915,0.6898,1.24,0.79,0.09,0.91,-0.47,0.48,-0.07,-0.79,-1.97,#N/A,100.00,44.55,1.82,1.00,100.00
"AVG(ROW6,ROW7,ROW8,ROW15,ROW18,ROW9,ROW21,ROW24,ROW26,ROW30)",1.71,0.0766,1.5848,0.0865,0.6833,0.83,0.62,0.73,0.70,0.61,-0.21,-0.34,-1.46,-1.24,#N/A,100.00,44.94,2.08,1.00,100.00
"AVG(ROW6,ROW7,ROW8,ROW15,ROW24,ROW26)",0.72,0.0620,1.2362,0.0822,0.6807,1.21,0.03,0.97,0.52,0.18,0.40,-0.34,-0.80,-0.20,-2.40,92.86,43.12,2.34,1.00,100.00
"AVG(ROW6,ROW7,ROW8,ROW15,ROW12,ROW9,ROW21,ROW24,ROW30)",1.99,0.0760,1.5733,0.0862,0.6775,0.91,0.55,0.12,0.97,1.08,-0.08,-0.84,-1.05,-1.52,#N/A,100.00,44.18,2.22,1.00,100.00
% Tgt +3 SectRank,0.85,0.0359,0.6562,0.0864,0.6766,0.83,0.32,0.94,0.31,0.77,1.67,0.38,-0.72,-0.25,-1.70,75.78,58.18,2.66,1.00,100.00
"AVG(ROW6,ROW7,ROW8,ROW15,ROW12,ROW18,ROW9,ROW24)",1.26,0.0564,1.1317,0.0880,0.6749,1.00,-0.03,0.63,1.18,-0.18,0.09,0.10,-0.17,-0.75,-2.40,92.86,41.17,2.67,1.00,100.00
"AVG(ROW6,ROW7,ROW8,ROW15,ROW12,ROW24,ROW26,ROW36)",1.44,0.0732,1.4832,0.0923,0.6733,1.05,0.59,0.52,-0.19,0.70,-0.03,-0.30,-1.19,-1.00,0.85,96.38,43.14,2.11,1.00,100.00
"AVG(ROW6,ROW7,ROW8,ROW15,ROW12,ROW24,ROW30)",2.02,0.0737,1.5252,0.0847,0.6730,0.81,0.66,0.02,0.99,1.23,-0.33,-0.22,-1.38,-1.57,#N/A,100.00,44.22,2.32,1.00,100.00
"AVG(ROW6,ROW7,ROW8,ROW15,ROW18,ROW9,ROW21,ROW24,ROW30)",2.27,0.0745,1.5426,0.0866,0.6722,0.64,0.92,0.08,0.85,0.82,-0.07,-1.05,-0.27,-1.78,#N/A,100.00,44.29,2.24,1.00,100.00
"AVG(ROW6,ROW7,ROW8,ROW15,ROW12,ROW9,ROW21,ROW24,ROW36)",1.47,0.0714,1.4499,0.0938,0.6682,1.28,0.18,-0.09,0.33,1.24,-0.50,-0.47,-0.77,-0.99,0.85,96.38,42.38,2.16,1.00,100.00
"AVG(ROW6,ROW7,ROW8,ROW15,ROW9,ROW21)",1.87,0.0598,1.1989,0.0904,0.6595,1.25,0.51,0.66,0.64,-0.02,0.33,-0.17,0.07,-1.40,-2.40,92.86,40.84,2.72,1.00,100.00
"AVG(ROW6,ROW7,ROW8,ROW15,ROW18,ROW24,ROW26,ROW36)",1.72,0.0714,1.4479,0.0926,0.6491,0.77,1.02,0.28,0.12,0.36,-0.07,-0.80,-0.19,-1.31,0.85,96.38,43.27,2.11,1.00,100.00
"AVG(ROW6,ROW7,ROW8,ROW15,ROW12,ROW9,ROW21,ROW24,ROW26,ROW36)",1.31,0.0745,1.5098,0.0942,0.6480,1.25,0.43,0.14,0.55,0.22,0.32,-0.39,-1.61,-0.83,0.85,96.38,43.19,2.01,1.00,100.00
"AVG(ROW6,ROW7,ROW8,ROW15,ROW9,ROW21,ROW24)",0.92,0.0619,1.2374,0.0850,0.6465,0.92,0.11,0.87,0.65,0.33,0.70,-1.13,-0.06,-0.44,-2.40,92.86,41.90,2.44,1.00,100.00
"AVG(ROW6,ROW7,ROW8,ROW15,ROW18,ROW9,ROW21,ROW24,ROW26,ROW30,ROW36)",1.79,0.0797,1.6488,0.0915,0.6464,1.18,0.88,0.33,0.62,-0.33,0.46,-0.33,-1.24,-1.34,#N/A,100.00,44.64,1.83,1.00,100.00
"AVG(ROW6,ROW7,ROW8,ROW15,ROW18,ROW9,ROW24,ROW26,ROW30,ROW36)",2.28,0.0775,1.6040,0.0914,0.6451,0.96,1.18,0.05,0.19,0.31,0.06,0.37,-1.06,-1.88,#N/A,100.00,44.32,1.96,1.00,100.00
"AVG(ROW6,ROW7,ROW8,ROW15,ROW18,ROW9,ROW21,ROW24,ROW30,ROW36)",1.81,0.0773,1.5999,0.0918,0.6425,1.21,0.72,0.28,0.38,0.21,0.11,-0.26,-1.07,-1.36,#N/A,100.00,44.06,1.95,1.00,100.00
"AVG(ROW6,ROW7,ROW8,ROW15,ROW18,ROW9,ROW24,ROW26,ROW30)",1.91,0.0733,1.5183,0.0853,0.6417,0.58,0.93,1.15,-0.15,0.20,0.42,-0.23,-1.08,-1.51,#N/A,100.00,44.69,2.24,1.00,100.00
"AVG(ROW6,ROW7,ROW8,ROW15,ROW12,ROW9,ROW24,ROW30)",2.23,0.0735,1.5213,0.0854,0.6360,1.05,0.34,0.26,0.51,1.46,-0.31,-0.01,-1.21,-1.80,#N/A,100.00,43.82,2.38,1.00,100.00
"AVG(ROW6,ROW7,ROW8,ROW15,ROW18,ROW21,ROW24,ROW26,ROW36)",1.25,0.0735,1.4896,0.0938,0.6348,1.25,0.58,0.22,0.38,0.37,-0.12,-1.37,-0.45,-0.78,0.85,96.38,43.66,1.95,1.00,100.00
"AVG(ROW6,ROW7,ROW8,ROW15,ROW12,ROW21,ROW24,ROW36)",1.45,0.0707,1.4345,0.0940,0.6333,0.72,0.82,-0.07,0.55,0.65,-0.18,-0.11,-1.21,-1.02,0.85,96.38,42.65,2.12,1.00,100.00
"AVG(ROW6,ROW7,ROW8,ROW15,ROW12,ROW21,ROW24,ROW26,ROW36)",1.39,0.0751,1.5222,0.0941,0.6311,1.22,0.62,0.53,0.08,0.54,-0.46,-0.27,-1.16,-0.93,0.85,96.38,43.53,1.94,1.00,100.00
"AVG(ROW6,ROW7,ROW8,ROW15,ROW18,ROW21,ROW24,ROW30)",1.76,0.0745,1.5417,0.0860,0.6302,0.93,0.72,0.26,0.86,0.50,-0.16,-0.73,-0.85,-1.33,#N/A,100.00,44.71,2.20,1.00,100.00
"AVG(ROW6,ROW7,ROW8,ROW15,ROW18,ROW21,ROW24,ROW36)",1.59,0.0689,1.3988,0.0938,0.6195,0.73,0.65,-0.14,0.73,0.31,0.27,-1.00,-0.27,-1.14,0.85,96.38,42.80,2.13,1.00,100.00
"AVG(ROW6,ROW7,ROW8,ROW15,ROW18,ROW24,ROW26,ROW30)",1.70,0.0739,1.5286,0.0847,0.6115,0.68,0.78,0.83,0.55,0.46,-0.24,-0.30,-1.10,-1.31,#N/A,100.00,45.15,2.17,1.00,100.00
"AVG(ROW6,ROW7,ROW8,ROW15,ROW18,ROW24,ROW26,ROW30,ROW36)",1.96,0.0780,1.6128,0.0914,0.6064,1.37,0.78,0.06,0.79,0.24,-0.02,0.07,-1.41,-1.59,#N/A,100.00,44.73,1.89,1.00,100.00
"AVG(ROW6,ROW7,ROW8,ROW15,ROW12,ROW24,ROW26,ROW30)",2.14,0.0755,1.5603,0.0848,0.6020,0.75,0.83,0.57,0.49,0.76,0.00,-0.39,-0.99,-1.76,#N/A,100.00,45.04,2.15,1.00,100.00
"AVG(ROW6,ROW7,ROW8,ROW15,ROW12,ROW21,ROW24,ROW26,ROW30,ROW36)",2.03,0.0816,1.6871,0.0914,0.5969,1.55,1.06,-0.20,0.71,0.13,0.17,-0.50,-1.00,-1.66,#N/A,100.00,44.95,1.76,1.00,100.00
"AVG(ROW6,ROW7,ROW8,ROW15,ROW12,ROW18,ROW24)",1.06,0.0547,1.0981,0.0880,0.5935,0.51,0.45,0.11,1.73,0.33,0.03,-0.74,0.29,-0.63,-2.40,92.86,41.35,2.64,1.00,100.00
"AVG(ROW6,ROW7,ROW8,ROW15,ROW18,ROW9,ROW21,ROW24,ROW26,ROW36)",1.43,0.0727,1.4740,0.0941,0.5885,1.16,0.62,0.07,0.58,-0.17,0.19,-0.53,-0.75,-0.98,0.85,96.38,43.30,2.01,1.00,100.00
"AVG(ROW6,ROW7,ROW8,ROW15,ROW18,ROW21,ROW24,ROW30,ROW36)",1.78,0.0771,1.5958,0.0914,0.5852,1.36,0.25,0.77,0.32,0.34,-0.06,-0.25,-1.00,-1.36,#N/A,100.00,44.45,1.91,1.00,100.00
"AVG(ROW6,ROW7,ROW8,ROW15,ROW9,ROW24,ROW26)",0.92,0.0602,1.2020,0.0833,0.5750,0.98,0.16,1.11,0.32,0.22,0.65,0.10,-0.99,-0.51,-2.40,92.86,42.64,2.43,1.00,100.00
"AVG(ROW6,ROW7,ROW8,ROW15,ROW9,ROW24,ROW26,ROW30)",2.20,0.0749,1.5481,0.0836,0.5746,0.87,0.56,0.67,0.33,0.85,0.57,-0.44,-1.27,-1.81,#N/A,100.00,45.00,2.23,1.00,100.00
"AVG(ROW6,ROW7,ROW8,ROW15,ROW36)",1.86,0.0719,1.4609,0.0972,0.5699,1.33,0.61,0.19,-0.24,0.60,1.06,-1.12,-0.77,-1.51,0.85,96.38,41.20,2.54,1.00,100.00
"AVG(ROW6,ROW7,ROW8,ROW15,ROW24,ROW26,ROW30)",2.14,0.0755,1.5593,0.0823,0.5670,0.76,0.72,1.01,0.14,0.29,0.70,-0.18,-1.33,-1.79,#N/A,100.00,45.58,2.15,1.00,100.00
"AVG(ROW6,ROW7,ROW8,ROW15,ROW9,ROW21,ROW24,ROW30,ROW36)",1.65,0.0790,1.6335,0.0901,0.5648,0.91,1.38,0.59,0.27,-0.14,0.21,-0.40,-1.22,-1.27,#N/A,100.00,44.30,1.95,1.00,100.00
"AVG(ROW6,ROW7,ROW8,ROW15,ROW18,ROW21,ROW24,ROW26,ROW30)",1.42,0.0772,1.5979,0.0858,0.5549,1.24,0.60,0.27,0.82,0.70,-0.42,-0.36,-1.45,-1.05,#N/A,100.00,45.38,2.03,1.00,100.00
"AVG(ROW6,ROW7,ROW8,ROW15,ROW12,ROW21,ROW24,ROW30)",1.49,0.0759,1.5701,0.0857,0.5514,1.53,0.11,-0.12,1.00,0.90,0.11,-0.64,-1.42,-1.14,#N/A,100.00,44.59,2.18,1.00,100.00
"AVG(ROW6,ROW7,ROW8,ROW15,ROW18,ROW24,ROW30,ROW36)",1.76,0.0755,1.5634,0.0912,0.5413,1.27,0.25,0.63,0.67,0.43,-0.02,-0.01,-1.47,-1.41,#N/A,100.00,44.01,2.02,1.00,100.00
"AVG(ROW6,ROW7,ROW8,ROW15,ROW21,ROW24,ROW26)",0.50,0.0668,1.3308,0.0842,0.5329,1.20,0.70,0.13,1.22,0.33,0.30,-0.94,-0.83,-0.11,-2.40,92.86,43.43,2.14,1.00,100.00
"AVG(ROW6,ROW7,ROW8,ROW15,ROW18,ROW9,ROW21,ROW24,ROW36)",1.37,0.0699,1.4192,0.0943,0.5013,1.39,0.18,-0.14,0.32,0.77,-0.01,-0.94,-0.25,-1.03,0.85,96.38,42.51,2.17,1.00,100.00
"AVG(ROW6,ROW7,ROW8,ROW15,ROW12,ROW24,ROW30,ROW36)",1.88,0.0768,1.5877,0.0904,0.4851,1.31,0.55,0.40,0.29,0.84,0.16,-0.13,-1.48,-1.60,#N/A,100.00,43.89,2.00,1.00,100.00
"AVG(ROW6,ROW7,ROW8,ROW15,ROW18,ROW24)",0.97,0.0555,1.1131,0.0861,0.4771,0.84,-0.07,0.64,1.39,0.15,0.11,-0.53,0.21,-0.65,-2.40,92.86,41.56,2.63,1.00,100.00
"AVG(ROW6,ROW7,ROW8,ROW15,ROW12,ROW24)",0.91,0.0579,1.1596,0.0856,0.4713,0.83,0.11,0.66,1.28,0.61,-0.11,-0.31,-0.35,-0.61,-2.40,92.86,41.38,2.62,1.00,100.00
"AVG(ROW6,ROW7,ROW8,ROW15,ROW21,ROW24,ROW30,ROW36)",1.68,0.0786,1.6227,0.0889,0.4672,0.61,1.69,0.87,0.18,-0.04,0.14,-0.47,-1.09,-1.42,#N/A,100.00,44.78,1.91,1.00,100.00
"AVG(ROW6,ROW7,ROW8,ROW15,ROW12,ROW9,ROW21,ROW24,ROW30,ROW36)",1.71,0.0789,1.6322,0.0914,0.4431,1.73,0.39,0.04,0.65,0.42,0.13,-0.28,-1.14,-1.45,#N/A,100.00,43.95,1.94,1.00,100.00
IQS Rank,0.41,0.0330,0.5780,0.0997,0.4385,1.26,0.76,1.13,0.78,0.40,0.64,0.69,0.23,-0.25,-1.00,68.52,"1,292.05",136.86,1.00,"3,998.00"
"AVG(ROW6,ROW7,ROW8,ROW15,ROW18,ROW21,ROW24,ROW26,ROW30,ROW36)",1.72,0.0801,1.6567,0.0912,0.4290,1.76,0.65,0.37,0.48,0.17,-0.01,-0.32,-1.15,-1.51,#N/A,100.00,45.05,1.77,1.00,100.00
"AVG(ROW6,ROW7,ROW8,ROW15,ROW12,ROW18,ROW24,ROW36)",1.15,0.0670,1.3632,0.0950,0.4215,0.72,0.72,0.18,0.60,0.14,0.34,-0.61,-0.81,-0.94,0.85,96.38,42.04,2.31,1.00,100.00
"AVG(ROW6,ROW7,ROW8,ROW15,ROW12,ROW18,ROW9,ROW24,ROW36)",1.36,0.0679,1.3814,0.0946,0.4155,1.47,0.05,0.31,0.33,-0.07,0.27,-0.27,-0.57,-1.16,0.85,96.38,41.84,2.35,1.00,100.00
"AVG(ROW6,ROW7,ROW8,ROW15,ROW21,ROW24,ROW26,ROW36)",1.12,0.0762,1.5411,0.0910,0.3780,1.49,0.40,0.58,0.59,-0.21,0.22,-0.65,-1.10,-0.91,0.85,96.38,43.93,1.92,1.00,100.00
"AVG(ROW6,ROW7,ROW8,ROW15,ROW9,ROW21,ROW24,ROW30)",1.85,0.0765,1.5830,0.0841,0.3778,0.85,0.82,0.52,1.11,0.37,0.04,-0.63,-0.89,-1.68,#N/A,100.00,44.59,2.24,1.00,100.00
"AVG(ROW6,ROW7,ROW8,ROW15,ROW9,ROW24,ROW26,ROW30,ROW36)",1.93,0.0793,1.6385,0.0897,0.3771,1.69,0.86,-0.16,0.71,0.19,0.05,0.23,-1.25,-1.76,#N/A,100.00,44.57,1.95,1.00,100.00
"AVG(ROW6,ROW7,ROW8,ROW15,ROW9,ROW24,ROW26,ROW36)",0.87,0.0723,1.4657,0.0915,0.3504,1.35,0.47,0.75,-0.23,-0.24,1.02,-0.22,-1.75,-0.69,0.85,96.38,43.08,2.17,1.00,100.00
"AVG(ROW6,ROW7,ROW8,ROW15,ROW18,ROW9,ROW24,ROW30,ROW36)",1.68,0.0756,1.5658,0.0916,0.3489,1.78,0.30,0.60,0.15,0.34,-0.23,0.64,-1.48,-1.57,#N/A,100.00,43.63,2.08,1.00,100.00
"AVG(ROW6,ROW7,ROW8,ROW15,ROW21,ROW24,ROW26,ROW30,ROW36)",1.72,0.0818,1.6883,0.0891,0.3436,1.38,1.19,0.54,0.46,-0.27,0.48,-0.49,-1.22,-1.56,#N/A,100.00,45.41,1.76,1.00,100.00
"AVG(ROW6,ROW7,ROW8,ROW15,ROW9,ROW21,ROW24,ROW26,ROW30)",1.72,0.0780,1.6116,0.0846,0.3363,1.10,0.48,1.03,0.23,0.55,0.57,-0.47,-1.36,-1.57,#N/A,100.00,45.26,2.07,1.00,100.00
RONA,-0.22,0.0291,0.4968,0.0705,0.3329,0.03,0.61,0.24,0.03,1.10,1.01,0.66,0.65,0.36,-1.32,72.00,4.90,0.91,-317.30,113.62
"AVG(ROW6,ROW7,ROW8,ROW15,ROW12,ROW9,ROW24)",0.87,0.0581,1.1646,0.0860,0.2939,1.16,-0.03,0.66,1.23,0.40,0.06,-0.24,-0.23,-0.77,-2.40,92.86,41.17,2.66,1.00,100.00
"AVG(ROW6,ROW7,ROW8,ROW15,ROW24,ROW26,ROW36)",0.90,0.0735,1.4879,0.0903,0.2877,1.45,0.89,-0.07,0.62,-0.32,0.39,-0.26,-1.37,-0.82,0.85,96.38,43.50,2.08,1.00,100.00
"AVG(ROW6,ROW7,ROW8,ROW15,ROW12,ROW9,ROW24,ROW30,ROW36)",1.87,0.0769,1.5921,0.0911,0.2875,1.64,0.25,0.59,0.21,0.72,-0.05,0.12,-1.05,-1.81,#N/A,100.00,43.52,2.06,1.00,100.00
"AVG(ROW6,ROW7,ROW8,ROW15,ROW21,ROW24,ROW36)",1.05,0.0709,1.4370,0.0908,0.2864,0.72,1.50,-0.03,-0.03,0.80,-0.03,-0.45,-0.99,-0.96,0.85,96.38,42.98,2.12,1.00,100.00
"AVG(ROW6,ROW7,ROW8,ROW15,ROW12,ROW21,ROW24,ROW30,ROW36)",1.59,0.0786,1.6258,0.0910,0.2771,1.69,0.70,-0.01,0.43,0.83,-0.23,0.07,-1.37,-1.51,#N/A,100.00,44.33,1.89,1.00,100.00
"AVG(ROW6,ROW7,ROW8,ROW15,ROW21,ROW24,ROW26,ROW30)",1.48,0.0788,1.6278,0.0835,0.2753,1.10,1.03,0.43,0.90,0.44,0.10,-0.75,-1.18,-1.41,#N/A,100.00,45.82,2.02,1.00,100.00
"AVG(ROW6,ROW7,ROW8,ROW15,ROW12,ROW9,ROW24,ROW36)",1.01,0.0700,1.4218,0.0928,0.2558,1.32,0.69,-0.37,0.83,0.43,0.10,-0.22,-1.20,-0.99,0.85,96.38,41.85,2.34,1.00,100.00
"AVG(ROW6,ROW7,ROW8,ROW15,ROW24,ROW30,ROW36)",1.74,0.0770,1.5910,0.0883,0.2406,1.28,0.66,0.98,0.34,0.52,-0.40,0.12,-1.12,-1.71,#N/A,100.00,44.30,2.01,1.00,100.00
"AVG(ROW6,ROW7,ROW8,ROW15,ROW24,ROW26,ROW30,ROW36)",1.92,0.0795,1.6419,0.0886,0.2378,1.43,1.42,-0.07,0.70,-0.25,0.37,0.23,-1.33,-1.87,#N/A,100.00,45.07,1.88,1.00,100.00
"AVG(ROW6,ROW7,ROW8,ROW15,ROW9,ROW21,ROW24,ROW26,ROW30,ROW36)",1.55,0.0813,1.6804,0.0895,0.2334,1.67,0.73,0.67,0.43,0.22,-0.31,0.41,-1.66,-1.50,#N/A,100.00,44.92,1.82,1.00,100.00
"AVG(ROW6,ROW7,ROW8,ROW15,ROW9,ROW24)",1.19,0.0584,1.1680,0.0834,0.2256,1.25,0.27,0.61,0.85,0.23,0.52,-0.84,0.53,-1.18,-2.40,92.86,41.37,2.67,1.00,100.00
"AVG(ROW6,ROW7,ROW8,ROW15,ROW24)",0.95,0.0584,1.1664,0.0815,0.2111,0.97,0.23,0.86,0.67,0.92,0.34,-1.19,0.39,-0.93,-2.40,92.86,41.67,2.62,1.00,100.00
"AVG(ROW6,ROW7,ROW8,ROW15,ROW18,ROW9,ROW24,ROW36)",1.30,0.0681,1.3851,0.0933,0.2098,1.31,0.65,-0.02,0.17,0.48,-0.01,-0.21,-0.49,-1.30,0.85,96.38,41.99,2.34,1.00,100.00
"AVG(ROW6,ROW7,ROW8,ROW15,ROW9,ROW21,ROW24,ROW36)",0.77,0.0720,1.4611,0.0914,0.2035,1.58,0.67,0.10,-0.09,0.60,0.60,-1.07,-1.02,-0.76,0.85,96.38,42.63,2.16,1.00,100.00
"AVG(ROW6,ROW7,ROW8,ROW15,ROW9,ROW24,ROW30,ROW36)",1.50,0.0775,1.6021,0.0896,0.1944,1.68,0.90,0.00,0.98,-0.23,0.12,0.34,-1.56,-1.52,#N/A,100.00,43.84,2.07,1.00,100.00
"AVG(ROW6,ROW7,ROW8,ROW15,ROW12,ROW24,ROW36)",0.84,0.0693,1.4083,0.0928,0.1644,0.69,1.11,0.29,0.58,0.02,0.45,-0.35,-1.26,-0.89,0.85,96.38,42.08,2.28,1.00,100.00
"AVG(ROW6,ROW7,ROW8,ROW15,ROW18,ROW9,ROW24)",1.13,0.0563,1.1296,0.0862,0.1551,1.29,0.10,0.55,0.91,0.22,0.07,-0.21,0.61,-1.16,-2.40,92.86,41.32,2.67,1.00,100.00
"AVG(ROW6,ROW7,ROW8,ROW15,ROW9,ROW21,ROW24,ROW26,ROW36)",0.86,0.0751,1.5212,0.0918,0.1404,1.64,0.52,0.45,0.10,-0.12,0.85,-0.56,-1.34,-0.89,0.85,96.38,43.50,1.99,1.00,100.00
"AVG(ROW6,ROW7,ROW8,ROW15,ROW18,ROW24,ROW36)",0.74,0.0676,1.3734,0.0929,0.1133,1.03,0.74,0.19,0.72,0.00,0.18,-0.51,-0.81,-0.84,0.85,96.38,42.24,2.28,1.00,100.00
"AVG(ROW6,ROW7,ROW8,ROW15,ROW9,ROW24,ROW36)",0.82,0.0704,1.4307,0.0910,0.0845,1.51,0.77,0.20,-0.12,0.59,0.55,-0.86,-0.95,-0.96,0.85,96.38,42.03,2.34,1.00,100.00
"AVG(ROW6,ROW7,ROW8,ROW15,ROW21,ROW24,ROW30)",1.09,0.0763,1.5766,0.0830,0.0843,1.00,1.23,0.47,1.00,0.25,0.05,-0.93,-1.09,-1.20,#N/A,100.00,45.14,2.22,1.00,100.00
"AVG(ROW6,ROW7,ROW8,ROW15,ROW24,ROW30)",1.56,0.0739,1.5269,0.0822,0.0158,0.92,1.10,0.76,1.05,0.32,-0.25,-0.17,-1.11,-1.75,#N/A,100.00,44.75,2.34,1.00,100.00
"AVG(ROW6,ROW7,ROW8,ROW15,ROW9,ROW24,ROW30)",1.39,0.0737,1.5258,0.0836,-0.0464,1.47,0.57,0.82,0.37,0.75,0.32,-0.43,-1.25,-1.67,#N/A,100.00,44.19,2.39,1.00,100.00
"AVG(ROW6,ROW7,ROW8,ROW15,ROW24,ROW36)",0.72,0.0699,1.4185,0.0902,-0.0702,0.65,1.54,0.82,0.12,-0.01,0.55,-0.72,-1.10,-1.01,0.85,96.38,42.31,2.26,1.00,100.00
Price to 52 Week High,0.94,0.0581,1.2024,0.0890,-0.1076,0.34,1.41,0.78,1.07,0.63,0.46,-1.19,-1.27,-1.37,#N/A,100.00,0.81,0.05,0.03,1.00
Earnings Quality Decile,1.33,0.0352,0.6058,0.0814,-0.2003,0.19,0.95,0.69,0.55,0.82,0.32,-0.15,-2.54,-2.18,-0.03,68.86,4.95,0.25,1.00,10.00
POE Screen,#N/A,#N/A,#N/A,#N/A,#N/A,1.15,#N/A,#N/A,#N/A,#N/A,#N/A,#N/A,#N/A,#N/A,-0.81,47.41,1.00,0.00,1.00,1.00
