Factor,F1-FN,IC,IC.T-Stat,IC.Dev,1,2,3,4,5,6,7,8,9,10,NA
IQS Rank,3.83714,0.06796,2.09508,0.07693,3.32341,1.04483,-1.18359,-1.57347,-1.61653,-2.59246,-2.18885,-1.07058,-1.25396,-0.74150,0.01227
IQS Decile,5.41144,0.09098,2.48016,0.10062,4.79740,2.10631,1.60672,0.38784,0.85069,-0.62272,1.45965,1.27388,0.59980,-0.88917,-3.36789
AFG Investment Grade,2.19512,0.05321,1.69716,0.05334,1.10621,-0.18483,-0.80892,-1.01971,-1.18321,#N/A,#N/A,#N/A,#N/A,#N/A,-0.80873
AFG CO Grade Scaled,2.05781,0.05505,1.76274,0.06065,1.20816,-0.14662,-1.13687,-0.95728,-0.97276,#N/A,#N/A,#N/A,#N/A,#N/A,-0.80873
% Tgt Average,4.08549,0.07750,2.37133,0.05773,3.31354,0.34284,-0.64751,-1.60925,-1.20602,-0.66086,-2.23065,-2.58681,-1.73860,-0.87056,-0.24335
% Tgt +0,1.29726,0.10145,3.30813,0.08477,2.32299,1.98895,0.35312,-0.55860,-1.54368,-1.65818,-2.28666,-2.85295,-1.12919,0.50558,-1.35531
% Tgt +3 SectRank,2.28211,0.06615,2.12411,0.05250,1.14803,0.84632,-0.02702,0.26556,0.03406,-0.78708,-1.14982,-2.53375,-1.34154,-1.21688,-1.27472
Fin Sust,3.21785,0.03266,0.78105,0.09025,1.94241,0.66213,1.12700,1.28923,0.66091,0.29913,-0.01675,0.63596,-1.64346,-1.43571,-1.49488
RONA,#N/A,#N/A,#N/A,#N/A,#N/A,#N/A,#N/A,#N/A,#N/A,#N/A,#N/A,#N/A,#N/A,#N/A,-0.50705
Economic Margin Momentum,1.68103,0.01495,0.48450,0.06705,1.53714,-1.04286,-0.48965,-1.03318,-0.29935,#N/A,#N/A,#N/A,#N/A,#N/A,-1.10159
Earnings Quality Decile,-0.84273,0.02461,0.55478,0.09811,-0.97227,-0.67503,0.29073,-0.23529,-0.78500,-0.61726,-1.75114,-1.35755,-0.35947,-0.53491,-0.37999
Price to 52 Week High,-4.30982,-0.00903,-0.31096,0.19273,-1.33923,-1.89092,-1.61886,-1.52627,-0.88646,-0.62318,-0.64578,0.40042,0.80197,0.91653,#N/A
EBITDA/EV,0.04835,-0.04994,-1.46339,0.14635,2.10743,-0.25432,0.09396,-1.62824,-2.23641,-1.34660,-0.55978,-0.14919,-0.17942,1.74212,-1.59040
 Sector    Name,1.80927,#N/A,#N/A,#N/A,-1.37116,-1.84026,1.24669,-1.49525,1.13178,-0.45058,-0.44152,1.88805,-3.89133,-3.52279,#N/A
POE Screen,#N/A,#N/A,#N/A,#N/A,#N/A,#N/A,#N/A,#N/A,#N/A,#N/A,#N/A,#N/A,#N/A,#N/A,-0.50705
"AVG(ROW6,ROW7,ROW8,ROW15,ROW12)",3.77666,0.09637,3.26089,0.07157,3.31318,1.14307,-0.02476,-0.94980,-1.00375,-1.27718,-0.85218,-1.61128,-2.44079,-0.87486,-5.81850
"AVG(ROW6,ROW7,ROW8,ROW15,ROW18)",3.77128,0.09382,3.15168,0.06486,3.14012,1.32802,-0.49933,-0.11396,-0.69483,-1.16003,-1.52809,-2.00577,-1.85192,-0.93665,-4.56355
"AVG(ROW6,ROW7,ROW8,ROW15,ROW9)",4.69637,0.08911,2.99735,0.07115,3.42345,0.60215,-0.59168,-0.12621,-0.41884,-1.85863,-1.62179,-0.64859,-1.42529,-1.62220,-4.56355
"AVG(ROW6,ROW7,ROW8,ROW15,ROW21)",3.89591,0.09256,3.13035,0.07006,2.46626,1.01859,0.37065,-0.03112,-1.16238,-0.66966,-1.13428,-1.68126,-1.61691,-1.80832,-6.42853
"AVG(ROW6,ROW7,ROW8,ROW15,ROW24)",3.73609,0.09492,3.19728,0.07691,3.38384,0.72080,0.17792,-0.78518,-0.80763,-1.68931,-0.94543,-1.70511,-1.97185,-0.79970,-4.56355
"AVG(ROW6,ROW7,ROW8,ROW15,ROW26)",3.50412,0.08760,2.94367,0.07207,3.24738,1.10106,-0.35136,-0.99246,-0.51183,-1.30484,-1.75303,-1.26492,-1.81019,-0.72759,-4.56355
"AVG(ROW6,ROW7,ROW8,ROW15,ROW30)",0.99235,0.08098,2.80687,0.12482,1.52265,1.05199,0.03386,-0.95086,-1.26207,-1.23596,-2.06884,-1.45754,-0.88695,-0.45012,#N/A
"AVG(ROW6,ROW7,ROW8,ROW15,ROW36)",2.89451,0.09366,3.19747,0.09181,3.00268,0.62827,0.00403,-0.65319,-1.47408,-1.32994,-1.84244,-1.35184,-1.34628,-0.67084,-5.10335
"AVG(ROW6,ROW7,ROW8,ROW15,ROW12,ROW18)",3.34988,0.09372,3.16407,0.06243,2.87984,1.30859,-0.41398,-0.12047,-0.88734,-1.17252,-1.08924,-1.32599,-2.91560,-0.81223,-5.81850
"AVG(ROW6,ROW7,ROW8,ROW15,ROW12,ROW9)",4.25804,0.09134,3.08712,0.06685,3.45389,0.56075,-0.72345,0.39264,-0.82731,-1.84772,-1.21913,-0.89973,-2.19471,-1.16965,-5.81850
"AVG(ROW6,ROW7,ROW8,ROW15,ROW12,ROW21)",4.00238,0.09590,3.24873,0.06816,2.71138,1.21758,0.36492,-0.61643,-0.81365,-0.87488,-1.05727,-1.35487,-2.30675,-1.62044,-7.15361
"AVG(ROW6,ROW7,ROW8,ROW15,ROW12,ROW24)",3.77666,0.09637,3.26089,0.07157,3.31318,1.14307,-0.02476,-0.94980,-1.00375,-1.27718,-0.85218,-1.61128,-2.44079,-0.87486,-5.81850
"AVG(ROW6,ROW7,ROW8,ROW15,ROW12,ROW26)",3.58239,0.09122,3.08149,0.06794,3.41245,1.17666,-0.61406,-0.62213,-0.82936,-1.31135,-1.43371,-1.11511,-2.56912,-0.64185,-5.81850
"AVG(ROW6,ROW7,ROW8,ROW15,ROW12,ROW30)",1.71439,0.08779,3.03534,0.11250,1.98176,1.03941,-0.09451,-0.80537,-1.30518,-1.02722,-1.78626,-1.71907,-1.29847,-0.63894,#N/A
"AVG(ROW6,ROW7,ROW8,ROW15,ROW12,ROW36)",2.95772,0.09524,3.25451,0.08413,3.22766,0.61733,-0.01182,-0.77781,-1.51942,-1.21995,-1.65082,-1.20250,-2.03656,-0.42037,-8.46819
"AVG(ROW6,ROW7,ROW8,ROW15,ROW18,ROW9)",4.03204,0.08980,3.01507,0.06226,3.19873,0.43964,-0.19776,0.34040,-0.55467,-1.53487,-1.16524,-2.03421,-1.60412,-1.11789,-4.56355
"AVG(ROW6,ROW7,ROW8,ROW15,ROW18,ROW21)",3.50869,0.09107,3.07430,0.06294,2.21917,1.64383,-0.45046,0.23818,-0.41275,-0.65951,-1.42379,-2.28282,-1.48533,-1.62002,-6.42853
"AVG(ROW6,ROW7,ROW8,ROW15,ROW18,ROW24)",3.77128,0.09382,3.15168,0.06486,3.14012,1.32802,-0.49933,-0.11396,-0.69483,-1.16003,-1.52809,-2.00577,-1.85192,-0.93665,-4.56355
"AVG(ROW6,ROW7,ROW8,ROW15,ROW18,ROW26)",3.73520,0.08984,3.01361,0.06144,3.59480,0.75639,-0.22135,-0.11676,-1.18206,-1.32578,-1.36859,-1.53365,-2.36539,-0.52306,-4.56355
"AVG(ROW6,ROW7,ROW8,ROW15,ROW18,ROW30)",1.53755,0.08527,2.93951,0.10293,2.16385,0.98532,-0.22021,-0.77821,-1.24970,-1.31097,-1.39508,-1.59466,-1.99444,-0.22843,#N/A
"AVG(ROW6,ROW7,ROW8,ROW15,ROW18,ROW36)",3.07068,0.09386,3.19299,0.07801,3.08549,0.94668,-0.34004,-0.25840,-1.79881,-0.79792,-1.39314,-2.09864,-1.70813,-0.54909,-5.10335
"AVG(ROW6,ROW7,ROW8,ROW15,ROW9,ROW21)",4.29118,0.08720,2.94585,0.06525,2.79445,0.15652,-0.01933,0.51919,-0.53160,-1.37026,-1.37399,-0.63060,-1.93710,-1.85142,-6.42853
"AVG(ROW6,ROW7,ROW8,ROW15,ROW9,ROW24)",4.69637,0.08911,2.99735,0.07115,3.42345,0.60215,-0.59168,-0.12621,-0.41884,-1.85863,-1.62179,-0.64859,-1.42529,-1.62220,-4.56355
"AVG(ROW6,ROW7,ROW8,ROW15,ROW9,ROW26)",4.01415,0.08304,2.78928,0.06884,3.61245,0.25966,-0.23443,-0.81661,-0.33464,-1.50756,-1.50834,-1.18220,-1.76078,-0.84491,-4.56355
"AVG(ROW6,ROW7,ROW8,ROW15,ROW9,ROW30)",2.02268,0.07954,2.74643,0.11167,1.94308,1.03274,-0.38706,-0.89221,-1.18908,-1.65926,-1.15636,-1.74247,-0.67209,-0.94376,#N/A
"AVG(ROW6,ROW7,ROW8,ROW15,ROW9,ROW36)",3.37613,0.08998,3.06454,0.08434,3.27075,0.27217,-0.03491,-0.79671,-0.90239,-1.95229,-1.06845,-1.70157,-1.29516,-0.75168,-5.10335
"AVG(ROW6,ROW7,ROW8,ROW15,ROW21,ROW24)",3.89591,0.09256,3.13035,0.07006,2.46626,1.01859,0.37065,-0.03112,-1.16238,-0.66966,-1.13428,-1.68126,-1.61691,-1.80832,-6.42853
"AVG(ROW6,ROW7,ROW8,ROW15,ROW21,ROW26)",3.83977,0.08537,2.87994,0.06384,2.75007,0.95887,0.18045,-0.86484,-0.02892,-1.38302,-1.25193,-1.66499,-1.47428,-1.46062,-6.42853
"AVG(ROW6,ROW7,ROW8,ROW15,ROW21,ROW30)",1.84920,0.08290,2.86490,0.11258,1.77016,0.75090,0.15324,-0.50838,-1.05212,-1.17598,-1.89109,-1.47594,-1.29337,-0.91755,#N/A
"AVG(ROW6,ROW7,ROW8,ROW15,ROW21,ROW36)",3.01682,0.09296,3.17790,0.08389,2.35033,1.38636,-0.23274,-0.67544,-0.96418,-1.00811,-1.88532,-1.38953,-1.34991,-1.23048,-6.71084
"AVG(ROW6,ROW7,ROW8,ROW15,ROW24,ROW26)",3.50412,0.08760,2.94367,0.07207,3.24738,1.10106,-0.35136,-0.99246,-0.51183,-1.30484,-1.75303,-1.26492,-1.81019,-0.72759,-4.56355
"AVG(ROW6,ROW7,ROW8,ROW15,ROW24,ROW30)",0.99235,0.08098,2.80687,0.12482,1.52265,1.05199,0.03386,-0.95086,-1.26207,-1.23596,-2.06884,-1.45754,-0.88695,-0.45012,#N/A
"AVG(ROW6,ROW7,ROW8,ROW15,ROW24,ROW36)",2.89451,0.09366,3.19747,0.09181,3.00268,0.62827,0.00403,-0.65319,-1.47408,-1.32994,-1.84244,-1.35184,-1.34628,-0.67084,-5.10335
"AVG(ROW6,ROW7,ROW8,ROW15,ROW26,ROW30)",0.92118,0.07628,2.63815,0.11949,1.70821,1.03915,-0.18392,-0.76801,-1.08346,-1.97168,-1.22611,-1.76310,-1.21539,-0.19800,#N/A
"AVG(ROW6,ROW7,ROW8,ROW15,ROW26,ROW36)",2.39670,0.08861,3.01773,0.08724,3.08000,0.48154,0.14194,-0.65915,-1.58023,-1.51728,-1.64191,-1.37755,-1.82730,-0.05665,-5.10335
"AVG(ROW6,ROW7,ROW8,ROW15,ROW30,ROW36)",0.30839,0.08135,2.82794,0.13178,1.80079,0.80946,-0.34969,-0.67561,-1.52298,-1.45702,-1.69015,-1.92129,-1.14739,0.28893,#N/A
"AVG(ROW6,ROW7,ROW8,ROW15,ROW12,ROW18,ROW9)",4.08360,0.09060,3.05749,0.05994,3.06090,0.51610,0.11632,-0.32219,-0.62342,-1.25387,-0.88101,-1.73131,-2.03352,-1.31365,-5.81850
"AVG(ROW6,ROW7,ROW8,ROW15,ROW12,ROW18,ROW21)",3.48538,0.09294,3.14257,0.06191,2.30437,1.43452,-0.00900,0.14842,-0.79039,-0.91330,-0.99158,-1.46424,-2.59955,-1.48257,-7.15361
"AVG(ROW6,ROW7,ROW8,ROW15,ROW12,ROW18,ROW24)",3.34988,0.09372,3.16407,0.06243,2.87984,1.30859,-0.41398,-0.12047,-0.88734,-1.17252,-1.08924,-1.32599,-2.91560,-0.81223,-5.81850
"AVG(ROW6,ROW7,ROW8,ROW15,ROW12,ROW18,ROW26)",4.07588,0.09105,3.07044,0.05940,3.56011,0.60901,-0.29865,-0.32735,-0.88981,-0.84755,-1.39597,-1.39512,-2.66307,-0.84459,-5.81850
"AVG(ROW6,ROW7,ROW8,ROW15,ROW12,ROW18,ROW30)",2.32603,0.08938,3.07595,0.09438,2.51264,0.48225,0.33714,-0.93027,-1.14455,-1.16823,-1.25917,-1.72094,-2.18468,-0.52615,#N/A
"AVG(ROW6,ROW7,ROW8,ROW15,ROW12,ROW18,ROW36)",2.38172,0.09404,3.20397,0.07309,2.80771,1.10779,-0.22428,-0.39732,-1.13438,-1.68475,-1.06092,-1.51197,-2.65075,-0.12665,-8.46819
"AVG(ROW6,ROW7,ROW8,ROW15,ROW12,ROW9,ROW21)",4.31328,0.09103,3.08040,0.06367,2.86962,0.46839,-0.19522,0.53931,-0.51576,-1.38697,-1.55866,-0.68456,-2.13397,-1.74177,-7.15361
"AVG(ROW6,ROW7,ROW8,ROW15,ROW12,ROW9,ROW24)",4.25804,0.09134,3.08712,0.06685,3.45389,0.56075,-0.72345,0.39264,-0.82731,-1.84772,-1.21913,-0.89973,-2.19471,-1.16965,-5.81850
"AVG(ROW6,ROW7,ROW8,ROW15,ROW12,ROW9,ROW26)",3.86029,0.08669,2.92699,0.06504,3.50467,0.47628,-0.57398,-0.18237,-0.51226,-1.82624,-0.90503,-1.44510,-2.21285,-0.80652,-5.81850
"AVG(ROW6,ROW7,ROW8,ROW15,ROW12,ROW9,ROW30)",2.38511,0.08550,2.94749,0.10295,2.35832,0.50170,-0.10611,-0.78128,-0.87049,-1.33036,-1.42842,-1.77591,-1.36099,-0.82514,#N/A
"AVG(ROW6,ROW7,ROW8,ROW15,ROW12,ROW9,ROW36)",3.15198,0.09200,3.13807,0.07842,3.46494,0.12163,-0.11914,-0.40856,-1.25885,-1.43990,-1.64315,-1.02306,-2.27582,-0.32603,-8.46819
"AVG(ROW6,ROW7,ROW8,ROW15,ROW12,ROW21,ROW24)",4.00238,0.09590,3.24873,0.06816,2.71138,1.21758,0.36492,-0.61643,-0.81365,-0.87488,-1.05727,-1.35487,-2.30675,-1.62044,-7.15361
"AVG(ROW6,ROW7,ROW8,ROW15,ROW12,ROW21,ROW26)",4.24357,0.09089,3.07310,0.06320,3.09869,1.09742,-0.03130,-0.64439,-0.63103,-0.91275,-1.52218,-1.35939,-1.96803,-1.47391,-7.15361
"AVG(ROW6,ROW7,ROW8,ROW15,ROW12,ROW21,ROW30)",2.19946,0.08977,3.09850,0.10438,2.05828,1.14986,-0.34752,-0.62924,-0.20501,-1.43050,-1.94611,-2.06613,-1.21867,-0.97744,#N/A
"AVG(ROW6,ROW7,ROW8,ROW15,ROW12,ROW21,ROW36)",3.29251,0.09514,3.25140,0.07981,2.68277,1.39986,-0.36817,-0.54978,-1.07887,-1.25299,-1.97025,-0.77794,-1.87832,-1.12912,-8.61909
"AVG(ROW6,ROW7,ROW8,ROW15,ROW12,ROW24,ROW26)",3.58239,0.09122,3.08149,0.06794,3.41245,1.17666,-0.61406,-0.62213,-0.82936,-1.31135,-1.43371,-1.11511,-2.56912,-0.64185,-5.81850
"AVG(ROW6,ROW7,ROW8,ROW15,ROW12,ROW24,ROW30)",1.71439,0.08779,3.03534,0.11250,1.98176,1.03941,-0.09451,-0.80537,-1.30518,-1.02722,-1.78626,-1.71907,-1.29847,-0.63894,#N/A
"AVG(ROW6,ROW7,ROW8,ROW15,ROW12,ROW24,ROW36)",2.95772,0.09524,3.25451,0.08413,3.22766,0.61733,-0.01182,-0.77781,-1.51942,-1.21995,-1.65082,-1.20250,-2.03656,-0.42037,-8.46819
"AVG(ROW6,ROW7,ROW8,ROW15,ROW12,ROW26,ROW30)",1.52115,0.08387,2.89472,0.10953,2.00945,1.01389,0.13394,-1.12329,-1.10553,-1.64302,-1.23906,-1.36623,-1.91610,-0.46965,#N/A
"AVG(ROW6,ROW7,ROW8,ROW15,ROW12,ROW26,ROW36)",2.84332,0.09167,3.12688,0.08066,3.37329,0.83314,-0.42340,-0.90406,-1.19883,-1.22353,-1.85869,-1.02750,-2.27870,-0.20377,-8.46819
"AVG(ROW6,ROW7,ROW8,ROW15,ROW12,ROW30,ROW36)",1.30036,0.08686,3.01136,0.11979,2.31252,0.66690,-0.32645,-1.01759,-1.11915,-1.63606,-1.08775,-2.29612,-1.18109,-0.08330,#N/A
"AVG(ROW6,ROW7,ROW8,ROW15,ROW18,ROW9,ROW21)",3.95355,0.08762,2.95614,0.05971,2.58419,0.57026,-0.03472,0.61624,-0.70066,-0.50142,-1.45977,-2.03010,-1.58541,-1.67287,-6.42853
"AVG(ROW6,ROW7,ROW8,ROW15,ROW18,ROW9,ROW24)",4.03204,0.08980,3.01507,0.06226,3.19873,0.43964,-0.19776,0.34040,-0.55467,-1.53487,-1.16524,-2.03421,-1.60412,-1.11789,-4.56355
"AVG(ROW6,ROW7,ROW8,ROW15,ROW18,ROW9,ROW26)",3.93699,0.08574,2.87577,0.06039,3.55906,0.53413,-0.52696,0.06119,-0.90380,-1.50568,-1.13284,-1.46066,-2.17505,-0.74286,-4.56355
"AVG(ROW6,ROW7,ROW8,ROW15,ROW18,ROW9,ROW30)",2.28437,0.08298,2.85481,0.09614,2.46178,0.29060,-0.18603,-0.75266,-0.64474,-1.50191,-1.17721,-1.79347,-1.74124,-0.51012,#N/A
"AVG(ROW6,ROW7,ROW8,ROW15,ROW18,ROW9,ROW36)",2.83144,0.09099,3.09155,0.07402,3.10604,0.72405,-0.18039,-0.56421,-1.32440,-1.35620,-1.21927,-1.47269,-2.34637,-0.29445,-5.10335
"AVG(ROW6,ROW7,ROW8,ROW15,ROW18,ROW21,ROW24)",3.50869,0.09107,3.07430,0.06294,2.21917,1.64383,-0.45046,0.23818,-0.41275,-0.65951,-1.42379,-2.28282,-1.48533,-1.62002,-6.42853
"AVG(ROW6,ROW7,ROW8,ROW15,ROW18,ROW21,ROW26)",3.40025,0.08721,2.93918,0.05781,2.69539,1.27222,0.16740,-0.50010,-0.57594,-0.76197,-1.75756,-1.79769,-1.94003,-1.04806,-6.42853
"AVG(ROW6,ROW7,ROW8,ROW15,ROW18,ROW21,ROW30)",1.83071,0.08644,2.97532,0.09436,2.02447,1.01117,-0.17776,-0.56770,-0.70789,-1.17293,-1.35830,-1.83672,-2.25661,-0.52904,#N/A
"AVG(ROW6,ROW7,ROW8,ROW15,ROW18,ROW21,ROW36)",3.25672,0.09277,3.16239,0.07359,2.45957,1.49035,-0.31969,-0.44547,-0.86256,-1.03808,-1.45563,-1.71179,-1.77430,-1.24143,-6.71084
"AVG(ROW6,ROW7,ROW8,ROW15,ROW18,ROW24,ROW26)",3.73520,0.08984,3.01361,0.06144,3.59480,0.75639,-0.22135,-0.11676,-1.18206,-1.32578,-1.36859,-1.53365,-2.36539,-0.52306,-4.56355
"AVG(ROW6,ROW7,ROW8,ROW15,ROW18,ROW24,ROW30)",1.53755,0.08527,2.93951,0.10293,2.16385,0.98532,-0.22021,-0.77821,-1.24970,-1.31097,-1.39508,-1.59466,-1.99444,-0.22843,#N/A
"AVG(ROW6,ROW7,ROW8,ROW15,ROW18,ROW24,ROW36)",3.07068,0.09386,3.19299,0.07801,3.08549,0.94668,-0.34004,-0.25840,-1.79881,-0.79792,-1.39314,-2.09864,-1.70813,-0.54909,-5.10335
"AVG(ROW6,ROW7,ROW8,ROW15,ROW18,ROW26,ROW30)",1.82332,0.08140,2.80213,0.10114,2.08730,1.01223,-0.34442,-0.59278,-1.16684,-1.32987,-1.51011,-1.89023,-1.39411,-0.44552,#N/A
"AVG(ROW6,ROW7,ROW8,ROW15,ROW18,ROW26,ROW36)",2.31808,0.09079,3.08377,0.07510,2.90563,0.87475,0.37350,-0.62714,-1.82413,-1.61139,-1.16145,-1.18661,-2.63905,-0.07838,-5.10335
"AVG(ROW6,ROW7,ROW8,ROW15,ROW18,ROW30,ROW36)",1.07292,0.08526,2.94948,0.11236,2.08205,1.07545,-0.49750,-0.66824,-1.63248,-1.50421,-1.19744,-1.88994,-1.54344,0.05326,#N/A
"AVG(ROW6,ROW7,ROW8,ROW15,ROW9,ROW21,ROW24)",4.29118,0.08720,2.94585,0.06525,2.79445,0.15652,-0.01933,0.51919,-0.53160,-1.37026,-1.37399,-0.63060,-1.93710,-1.85142,-6.42853
"AVG(ROW6,ROW7,ROW8,ROW15,ROW9,ROW21,ROW26)",3.88663,0.08117,2.73780,0.06199,2.72912,0.45723,0.18201,-0.23135,-0.73309,-0.84185,-1.63042,-0.96671,-1.63507,-1.55712,-6.42853
"AVG(ROW6,ROW7,ROW8,ROW15,ROW9,ROW21,ROW30)",2.47993,0.08107,2.79329,0.10209,1.92535,0.35211,-0.00071,-0.23984,-0.93938,-1.37537,-1.53034,-1.50664,-0.99028,-1.24367,#N/A
"AVG(ROW6,ROW7,ROW8,ROW15,ROW9,ROW21,ROW36)",3.07700,0.08952,3.05411,0.07761,2.49339,1.05692,-0.27311,-0.35753,-0.89110,-1.75075,-1.29551,-1.33944,-1.46668,-1.09531,-6.71084
"AVG(ROW6,ROW7,ROW8,ROW15,ROW9,ROW24,ROW26)",4.01415,0.08304,2.78928,0.06884,3.61245,0.25966,-0.23443,-0.81661,-0.33464,-1.50756,-1.50834,-1.18220,-1.76078,-0.84491,-4.56355
"AVG(ROW6,ROW7,ROW8,ROW15,ROW9,ROW24,ROW30)",2.02268,0.07954,2.74643,0.11167,1.94308,1.03274,-0.38706,-0.89221,-1.18908,-1.65926,-1.15636,-1.74247,-0.67209,-0.94376,#N/A
"AVG(ROW6,ROW7,ROW8,ROW15,ROW9,ROW24,ROW36)",3.37613,0.08998,3.06454,0.08434,3.27075,0.27217,-0.03491,-0.79671,-0.90239,-1.95229,-1.06845,-1.70157,-1.29516,-0.75168,-5.10335
"AVG(ROW6,ROW7,ROW8,ROW15,ROW9,ROW26,ROW30)",1.51827,0.07527,2.59513,0.10824,1.82533,0.91060,-0.25935,-1.03784,-0.75115,-1.41636,-1.40386,-1.79579,-1.08426,-0.61498,#N/A
"AVG(ROW6,ROW7,ROW8,ROW15,ROW9,ROW26,ROW36)",2.59468,0.08539,2.90349,0.08113,3.22367,0.30123,-0.15972,-0.70564,-1.10458,-1.55978,-1.21288,-1.63903,-1.98540,-0.14281,-5.10335
"AVG(ROW6,ROW7,ROW8,ROW15,ROW9,ROW30,ROW36)",1.13725,0.08042,2.78495,0.11978,2.07801,0.67862,-0.57418,-0.89128,-1.21578,-1.59906,-1.43440,-1.33336,-1.36685,-0.04818,#N/A
"AVG(ROW6,ROW7,ROW8,ROW15,ROW21,ROW24,ROW26)",3.83977,0.08537,2.87994,0.06384,2.75007,0.95887,0.18045,-0.86484,-0.02892,-1.38302,-1.25193,-1.66499,-1.47428,-1.46062,-6.42853
"AVG(ROW6,ROW7,ROW8,ROW15,ROW21,ROW24,ROW30)",1.84920,0.08290,2.86490,0.11258,1.77016,0.75090,0.15324,-0.50838,-1.05212,-1.17598,-1.89109,-1.47594,-1.29337,-0.91755,#N/A
"AVG(ROW6,ROW7,ROW8,ROW15,ROW21,ROW24,ROW36)",3.01682,0.09296,3.17790,0.08389,2.35033,1.38636,-0.23274,-0.67544,-0.96418,-1.00811,-1.88532,-1.38953,-1.34991,-1.23048,-6.71084
"AVG(ROW6,ROW7,ROW8,ROW15,ROW21,ROW26,ROW30)",1.80538,0.07765,2.67721,0.10767,1.90094,0.52913,0.03063,-0.56980,-0.93516,-1.56568,-1.42090,-1.44322,-1.38619,-0.71723,#N/A
"AVG(ROW6,ROW7,ROW8,ROW15,ROW21,ROW26,ROW36)",2.86462,0.08782,2.99416,0.07832,2.90687,0.50660,0.41259,-0.93016,-0.98511,-1.57223,-1.50913,-1.38988,-1.80898,-0.55542,-6.71084
"AVG(ROW6,ROW7,ROW8,ROW15,ROW21,ROW30,ROW36)",0.92880,0.08315,2.88350,0.12153,1.87341,0.53559,-0.01760,-0.51469,-1.63295,-1.32359,-1.06555,-1.54440,-1.88827,-0.18031,#N/A
"AVG(ROW6,ROW7,ROW8,ROW15,ROW24,ROW26,ROW30)",0.92118,0.07628,2.63815,0.11949,1.70821,1.03915,-0.18392,-0.76801,-1.08346,-1.97168,-1.22611,-1.76310,-1.21539,-0.19800,#N/A
"AVG(ROW6,ROW7,ROW8,ROW15,ROW24,ROW26,ROW36)",2.39670,0.08861,3.01773,0.08724,3.08000,0.48154,0.14194,-0.65915,-1.58023,-1.51728,-1.64191,-1.37755,-1.82730,-0.05665,-5.10335
"AVG(ROW6,ROW7,ROW8,ROW15,ROW24,ROW30,ROW36)",0.30839,0.08135,2.82794,0.13178,1.80079,0.80946,-0.34969,-0.67561,-1.52298,-1.45702,-1.69015,-1.92129,-1.14739,0.28893,#N/A
"AVG(ROW6,ROW7,ROW8,ROW15,ROW26,ROW30,ROW36)",0.35527,0.07755,2.69012,0.12749,1.69495,0.98106,-0.61974,-0.81128,-0.95627,-1.67606,-1.87610,-1.37979,-1.26427,0.13785,#N/A
"AVG(ROW6,ROW7,ROW8,ROW15,ROW12,ROW18,ROW9,ROW21)",4.05926,0.09020,3.04855,0.05884,2.89907,0.35674,0.24951,0.03347,-0.69402,-0.45851,-1.29650,-1.70619,-2.26463,-1.44494,-7.15361
"AVG(ROW6,ROW7,ROW8,ROW15,ROW12,ROW18,ROW9,ROW24)",4.08360,0.09060,3.05749,0.05994,3.06090,0.51610,0.11632,-0.32219,-0.62342,-1.25387,-0.88101,-1.73131,-2.03352,-1.31365,-5.81850
"AVG(ROW6,ROW7,ROW8,ROW15,ROW12,ROW18,ROW9,ROW26)",3.94812,0.08721,2.94050,0.05829,3.35652,0.44823,0.05294,-0.46051,-0.58324,-1.19902,-1.34815,-1.41220,-2.35978,-0.94628,-5.81850
"AVG(ROW6,ROW7,ROW8,ROW15,ROW12,ROW18,ROW9,ROW30)",2.86796,0.08710,2.99289,0.08964,2.50439,0.33018,-0.05773,-0.39534,-0.99020,-1.41053,-1.05100,-1.90539,-1.56439,-0.98272,#N/A
"AVG(ROW6,ROW7,ROW8,ROW15,ROW12,ROW18,ROW9,ROW36)",2.85368,0.09157,3.11701,0.06989,2.99806,0.76358,0.07366,-0.66275,-1.38735,-1.26571,-1.05393,-1.73055,-2.24005,-0.37239,-8.46819
"AVG(ROW6,ROW7,ROW8,ROW15,ROW12,ROW18,ROW21,ROW24)",3.48538,0.09294,3.14257,0.06191,2.30437,1.43452,-0.00900,0.14842,-0.79039,-0.91330,-0.99158,-1.46424,-2.59955,-1.48257,-7.15361
"AVG(ROW6,ROW7,ROW8,ROW15,ROW12,ROW18,ROW21,ROW26)",4.18650,0.09043,3.05422,0.05788,3.04311,0.43425,0.56446,-0.44883,-0.79816,-0.32196,-1.78288,-1.45126,-2.17732,-1.43222,-7.15361
"AVG(ROW6,ROW7,ROW8,ROW15,ROW12,ROW18,ROW21,ROW30)",2.67961,0.09075,3.12035,0.08868,2.33902,0.45930,0.64842,-1.06218,-0.62856,-0.84149,-1.41515,-1.98017,-2.05667,-1.00879,#N/A
"AVG(ROW6,ROW7,ROW8,ROW15,ROW12,ROW18,ROW21,ROW36)",3.11189,0.09374,3.19573,0.07122,2.58233,1.26108,-0.18244,-0.05899,-1.61588,-1.21247,-1.00399,-1.21894,-2.40601,-1.00499,-8.61909
"AVG(ROW6,ROW7,ROW8,ROW15,ROW12,ROW18,ROW24,ROW26)",4.07588,0.09105,3.07044,0.05940,3.56011,0.60901,-0.29865,-0.32735,-0.88981,-0.84755,-1.39597,-1.39512,-2.66307,-0.84459,-5.81850
"AVG(ROW6,ROW7,ROW8,ROW15,ROW12,ROW18,ROW24,ROW30)",2.32603,0.08938,3.07595,0.09438,2.51264,0.48225,0.33714,-0.93027,-1.14455,-1.16823,-1.25917,-1.72094,-2.18468,-0.52615,#N/A
"AVG(ROW6,ROW7,ROW8,ROW15,ROW12,ROW18,ROW24,ROW36)",2.38172,0.09404,3.20397,0.07309,2.80771,1.10779,-0.22428,-0.39732,-1.13438,-1.68475,-1.06092,-1.51197,-2.65075,-0.12665,-8.46819
"AVG(ROW6,ROW7,ROW8,ROW15,ROW12,ROW18,ROW26,ROW30)",2.43589,0.08650,2.97372,0.09346,2.34618,0.72968,0.18473,-0.77016,-1.46200,-0.81877,-1.45295,-1.95663,-1.65204,-0.74552,#N/A
"AVG(ROW6,ROW7,ROW8,ROW15,ROW12,ROW18,ROW26,ROW36)",2.86389,0.09194,3.12888,0.07074,3.03547,1.04476,-0.04359,-0.94531,-1.17562,-1.55116,-1.21065,-1.12189,-2.50643,-0.39860,-8.46819
"AVG(ROW6,ROW7,ROW8,ROW15,ROW12,ROW18,ROW30,ROW36)",1.84739,0.08830,3.04803,0.10337,2.63103,0.23737,0.25775,-1.07389,-1.59341,-1.19334,-1.21270,-1.72133,-1.86384,-0.15365,#N/A
"AVG(ROW6,ROW7,ROW8,ROW15,ROW12,ROW9,ROW21,ROW24)",4.31328,0.09103,3.08040,0.06367,2.86962,0.46839,-0.19522,0.53931,-0.51576,-1.38697,-1.55866,-0.68456,-2.13397,-1.74177,-7.15361
"AVG(ROW6,ROW7,ROW8,ROW15,ROW12,ROW9,ROW21,ROW26)",3.90393,0.08646,2.92229,0.06110,2.80491,0.81733,-0.35746,0.30515,-0.86517,-1.05805,-1.38234,-1.15406,-1.96974,-1.46172,-7.15361
"AVG(ROW6,ROW7,ROW8,ROW15,ROW12,ROW9,ROW21,ROW30)",2.93870,0.08729,3.00531,0.09636,2.28013,0.25558,0.10500,-0.27733,-0.59741,-1.31460,-1.38560,-2.24718,-1.04608,-1.31006,#N/A
"AVG(ROW6,ROW7,ROW8,ROW15,ROW12,ROW9,ROW21,ROW36)",3.36099,0.09199,3.13845,0.07454,2.77888,0.76301,-0.13092,-0.18825,-1.03911,-1.46867,-1.71428,-1.03613,-1.80786,-1.05169,-8.61909
"AVG(ROW6,ROW7,ROW8,ROW15,ROW12,ROW9,ROW24,ROW26)",3.86029,0.08669,2.92699,0.06504,3.50467,0.47628,-0.57398,-0.18237,-0.51226,-1.82624,-0.90503,-1.44510,-2.21285,-0.80652,-5.81850
"AVG(ROW6,ROW7,ROW8,ROW15,ROW12,ROW9,ROW24,ROW30)",2.38511,0.08550,2.94749,0.10295,2.35832,0.50170,-0.10611,-0.78128,-0.87049,-1.33036,-1.42842,-1.77591,-1.36099,-0.82514,#N/A
"AVG(ROW6,ROW7,ROW8,ROW15,ROW12,ROW9,ROW24,ROW36)",3.15198,0.09200,3.13807,0.07842,3.46494,0.12163,-0.11914,-0.40856,-1.25885,-1.43990,-1.64315,-1.02306,-2.27582,-0.32603,-8.46819
"AVG(ROW6,ROW7,ROW8,ROW15,ROW12,ROW9,ROW26,ROW30)",2.42350,0.08167,2.81173,0.10068,2.18063,0.78776,-0.26209,-0.60523,-1.38935,-1.04038,-1.64929,-1.12217,-1.47465,-1.02490,#N/A
"AVG(ROW6,ROW7,ROW8,ROW15,ROW12,ROW9,ROW26,ROW36)",2.68569,0.08822,3.00528,0.07589,3.27898,0.71098,-0.54029,-0.31701,-1.31622,-1.65814,-1.28014,-1.01221,-2.64177,-0.09263,-8.46819
"AVG(ROW6,ROW7,ROW8,ROW15,ROW12,ROW9,ROW30,ROW36)",1.81880,0.08542,2.95257,0.11097,2.27932,0.58498,-0.28307,-0.75994,-1.30870,-1.40186,-1.48681,-1.74817,-1.08214,-0.48837,#N/A
"AVG(ROW6,ROW7,ROW8,ROW15,ROW12,ROW21,ROW24,ROW26)",4.24357,0.09089,3.07310,0.06320,3.09869,1.09742,-0.03130,-0.64439,-0.63103,-0.91275,-1.52218,-1.35939,-1.96803,-1.47391,-7.15361
"AVG(ROW6,ROW7,ROW8,ROW15,ROW12,ROW21,ROW24,ROW30)",2.19946,0.08977,3.09850,0.10438,2.05828,1.14986,-0.34752,-0.62924,-0.20501,-1.43050,-1.94611,-2.06613,-1.21867,-0.97744,#N/A
"AVG(ROW6,ROW7,ROW8,ROW15,ROW12,ROW21,ROW24,ROW36)",3.29251,0.09514,3.25140,0.07981,2.68277,1.39986,-0.36817,-0.54978,-1.07887,-1.25299,-1.97025,-0.77794,-1.87832,-1.12912,-8.61909
"AVG(ROW6,ROW7,ROW8,ROW15,ROW12,ROW21,ROW26,ROW30)",2.25453,0.08558,2.94798,0.10125,2.03730,0.84022,0.09326,-0.75961,-0.47654,-1.95719,-1.01562,-1.87082,-1.49394,-0.99259,#N/A
"AVG(ROW6,ROW7,ROW8,ROW15,ROW12,ROW21,ROW26,ROW36)",3.16565,0.09150,3.12115,0.07550,2.85614,1.36035,-0.44341,-0.55125,-1.14692,-1.45465,-1.59261,-1.36060,-1.62966,-0.93554,-8.61909
"AVG(ROW6,ROW7,ROW8,ROW15,ROW12,ROW21,ROW30,ROW36)",1.61233,0.08842,3.06042,0.11237,2.00923,0.97024,-0.12286,-1.24813,-0.51440,-1.39072,-1.38436,-1.95729,-1.48375,-0.60819,#N/A
"AVG(ROW6,ROW7,ROW8,ROW15,ROW12,ROW24,ROW26,ROW30)",1.52115,0.08387,2.89472,0.10953,2.00945,1.01389,0.13394,-1.12329,-1.10553,-1.64302,-1.23906,-1.36623,-1.91610,-0.46965,#N/A
"AVG(ROW6,ROW7,ROW8,ROW15,ROW12,ROW24,ROW26,ROW36)",2.84332,0.09167,3.12688,0.08066,3.37329,0.83314,-0.42340,-0.90406,-1.19883,-1.22353,-1.85869,-1.02750,-2.27870,-0.20377,-8.46819
"AVG(ROW6,ROW7,ROW8,ROW15,ROW12,ROW24,ROW30,ROW36)",1.30036,0.08686,3.01136,0.11979,2.31252,0.66690,-0.32645,-1.01759,-1.11915,-1.63606,-1.08775,-2.29612,-1.18109,-0.08330,#N/A
"AVG(ROW6,ROW7,ROW8,ROW15,ROW12,ROW26,ROW30,ROW36)",1.45331,0.08367,2.89614,0.11758,2.21861,0.71791,-0.55904,-0.58934,-1.21955,-1.99705,-1.19114,-1.36842,-1.47331,-0.28930,#N/A
"AVG(ROW6,ROW7,ROW8,ROW15,ROW18,ROW9,ROW21,ROW24)",3.95355,0.08762,2.95614,0.05971,2.58419,0.57026,-0.03472,0.61624,-0.70066,-0.50142,-1.45977,-2.03010,-1.58541,-1.67287,-6.42853
"AVG(ROW6,ROW7,ROW8,ROW15,ROW18,ROW9,ROW21,ROW26)",2.98778,0.08332,2.80799,0.05679,2.43168,0.81227,0.26723,0.03952,-0.82390,-0.85931,-1.19326,-1.70789,-2.26539,-0.89833,-6.42853
"AVG(ROW6,ROW7,ROW8,ROW15,ROW18,ROW9,ROW21,ROW30)",2.42446,0.08426,2.89514,0.08873,2.16707,0.56339,-0.11913,-0.55045,-0.58515,-1.11295,-1.41440,-1.29984,-2.30432,-0.88310,#N/A
"AVG(ROW6,ROW7,ROW8,ROW15,ROW18,ROW9,ROW21,ROW36)",3.15436,0.09018,3.07068,0.06975,2.47670,1.22932,-0.22537,-0.61115,-1.03340,-0.74178,-1.56437,-1.35780,-1.95860,-1.10349,-6.71084
"AVG(ROW6,ROW7,ROW8,ROW15,ROW18,ROW9,ROW24,ROW26)",3.93699,0.08574,2.87577,0.06039,3.55906,0.53413,-0.52696,0.06119,-0.90380,-1.50568,-1.13284,-1.46066,-2.17505,-0.74286,-4.56355
"AVG(ROW6,ROW7,ROW8,ROW15,ROW18,ROW9,ROW24,ROW30)",2.28437,0.08298,2.85481,0.09614,2.46178,0.29060,-0.18603,-0.75266,-0.64474,-1.50191,-1.17721,-1.79347,-1.74124,-0.51012,#N/A
"AVG(ROW6,ROW7,ROW8,ROW15,ROW18,ROW9,ROW24,ROW36)",2.83144,0.09099,3.09155,0.07402,3.10604,0.72405,-0.18039,-0.56421,-1.32440,-1.35620,-1.21927,-1.47269,-2.34637,-0.29445,-5.10335
"AVG(ROW6,ROW7,ROW8,ROW15,ROW18,ROW9,ROW26,ROW30)",2.04026,0.07952,2.73304,0.09485,2.08746,0.96971,-0.51595,-0.44838,-0.82741,-1.50329,-1.55974,-1.71197,-1.38250,-0.64326,#N/A
"AVG(ROW6,ROW7,ROW8,ROW15,ROW18,ROW9,ROW26,ROW36)",2.66525,0.08751,2.97022,0.07207,3.06811,0.73828,-0.41748,-0.09300,-1.46356,-1.83507,-1.13525,-1.02010,-2.53324,-0.20451,-5.10335
"AVG(ROW6,ROW7,ROW8,ROW15,ROW18,ROW9,ROW30,ROW36)",1.79652,0.08389,2.89486,0.10500,2.28280,0.59675,-0.20675,-0.77667,-1.74770,-1.19899,-0.90935,-2.32460,-1.00124,-0.35092,#N/A
"AVG(ROW6,ROW7,ROW8,ROW15,ROW18,ROW21,ROW24,ROW26)",3.40025,0.08721,2.93918,0.05781,2.69539,1.27222,0.16740,-0.50010,-0.57594,-0.76197,-1.75756,-1.79769,-1.94003,-1.04806,-6.42853
"AVG(ROW6,ROW7,ROW8,ROW15,ROW18,ROW21,ROW24,ROW30)",1.83071,0.08644,2.97532,0.09436,2.02447,1.01117,-0.17776,-0.56770,-0.70789,-1.17293,-1.35830,-1.83672,-2.25661,-0.52904,#N/A
"AVG(ROW6,ROW7,ROW8,ROW15,ROW18,ROW21,ROW24,ROW36)",3.25672,0.09277,3.16239,0.07359,2.45957,1.49035,-0.31969,-0.44547,-0.86256,-1.03808,-1.45563,-1.71179,-1.77430,-1.24143,-6.71084
"AVG(ROW6,ROW7,ROW8,ROW15,ROW18,ROW21,ROW26,ROW30)",2.36347,0.08225,2.82626,0.09207,2.15135,0.85979,-0.42875,-0.07232,-0.89340,-1.52029,-1.54242,-1.91461,-1.35813,-0.78209,#N/A
"AVG(ROW6,ROW7,ROW8,ROW15,ROW18,ROW21,ROW26,ROW36)",2.82412,0.08969,3.05207,0.06950,2.71477,1.25032,-0.08057,-0.70202,-1.43113,-1.07990,-1.02388,-1.94097,-1.98867,-0.64335,-6.71084
"AVG(ROW6,ROW7,ROW8,ROW15,ROW18,ROW21,ROW30,ROW36)",1.57144,0.08612,2.97468,0.10457,2.06345,1.11124,-0.44944,-1.01904,-1.17325,-1.16581,-1.41624,-1.05218,-2.19032,-0.39377,#N/A
"AVG(ROW6,ROW7,ROW8,ROW15,ROW18,ROW24,ROW26,ROW30)",1.82332,0.08140,2.80213,0.10114,2.08730,1.01223,-0.34442,-0.59278,-1.16684,-1.32987,-1.51011,-1.89023,-1.39411,-0.44552,#N/A
"AVG(ROW6,ROW7,ROW8,ROW15,ROW18,ROW24,ROW26,ROW36)",2.31808,0.09079,3.08377,0.07510,2.90563,0.87475,0.37350,-0.62714,-1.82413,-1.61139,-1.16145,-1.18661,-2.63905,-0.07838,-5.10335
"AVG(ROW6,ROW7,ROW8,ROW15,ROW18,ROW24,ROW30,ROW36)",1.07292,0.08526,2.94948,0.11236,2.08205,1.07545,-0.49750,-0.66824,-1.63248,-1.50421,-1.19744,-1.88994,-1.54344,0.05326,#N/A
"AVG(ROW6,ROW7,ROW8,ROW15,ROW18,ROW26,ROW30,ROW36)",1.43750,0.08217,2.83799,0.11044,2.06576,1.11164,-0.66058,-0.62179,-1.47974,-1.52227,-1.40963,-1.54659,-1.42579,-0.20277,#N/A
"AVG(ROW6,ROW7,ROW8,ROW15,ROW9,ROW21,ROW24,ROW26)",3.88663,0.08117,2.73780,0.06199,2.72912,0.45723,0.18201,-0.23135,-0.73309,-0.84185,-1.63042,-0.96671,-1.63507,-1.55712,-6.42853
"AVG(ROW6,ROW7,ROW8,ROW15,ROW9,ROW21,ROW24,ROW30)",2.47993,0.08107,2.79329,0.10209,1.92535,0.35211,-0.00071,-0.23984,-0.93938,-1.37537,-1.53034,-1.50664,-0.99028,-1.24367,#N/A
"AVG(ROW6,ROW7,ROW8,ROW15,ROW9,ROW21,ROW24,ROW36)",3.07700,0.08952,3.05411,0.07761,2.49339,1.05692,-0.27311,-0.35753,-0.89110,-1.75075,-1.29551,-1.33944,-1.46668,-1.09531,-6.71084
"AVG(ROW6,ROW7,ROW8,ROW15,ROW9,ROW21,ROW26,ROW30)",2.46686,0.07643,2.62909,0.09869,1.99499,0.54519,-0.31229,-0.62020,-0.51850,-1.66768,-1.16204,-1.56788,-1.07063,-1.17410,#N/A
"AVG(ROW6,ROW7,ROW8,ROW15,ROW9,ROW21,ROW26,ROW36)",2.97022,0.08472,2.88513,0.07393,2.74971,0.54875,0.23920,-0.61437,-1.44742,-1.46685,-0.76697,-1.61736,-1.71933,-0.77699,-6.71084
"AVG(ROW6,ROW7,ROW8,ROW15,ROW9,ROW21,ROW30,ROW36)",1.89188,0.08201,2.83494,0.11133,2.12271,0.91102,-0.85304,-0.56841,-1.18425,-1.64831,-1.24454,-0.87882,-1.72635,-0.58340,#N/A
"AVG(ROW6,ROW7,ROW8,ROW15,ROW9,ROW24,ROW26,ROW30)",1.51827,0.07527,2.59513,0.10824,1.82533,0.91060,-0.25935,-1.03784,-0.75115,-1.41636,-1.40386,-1.79579,-1.08426,-0.61498,#N/A
"AVG(ROW6,ROW7,ROW8,ROW15,ROW9,ROW24,ROW26,ROW36)",2.59468,0.08539,2.90349,0.08113,3.22367,0.30123,-0.15972,-0.70564,-1.10458,-1.55978,-1.21288,-1.63903,-1.98540,-0.14281,-5.10335
"AVG(ROW6,ROW7,ROW8,ROW15,ROW9,ROW24,ROW30,ROW36)",1.13725,0.08042,2.78495,0.11978,2.07801,0.67862,-0.57418,-0.89128,-1.21578,-1.59906,-1.43440,-1.33336,-1.36685,-0.04818,#N/A
"AVG(ROW6,ROW7,ROW8,ROW15,ROW9,ROW26,ROW30,ROW36)",1.02341,0.07694,2.66021,0.11638,1.90293,0.84740,-0.98817,0.03492,-1.95718,-1.41502,-0.79017,-1.68528,-1.55349,-0.09602,#N/A
"AVG(ROW6,ROW7,ROW8,ROW15,ROW21,ROW24,ROW26,ROW30)",1.80538,0.07765,2.67721,0.10767,1.90094,0.52913,0.03063,-0.56980,-0.93516,-1.56568,-1.42090,-1.44322,-1.38619,-0.71723,#N/A
"AVG(ROW6,ROW7,ROW8,ROW15,ROW21,ROW24,ROW26,ROW36)",2.86462,0.08782,2.99416,0.07832,2.90687,0.50660,0.41259,-0.93016,-0.98511,-1.57223,-1.50913,-1.38988,-1.80898,-0.55542,-6.71084
"AVG(ROW6,ROW7,ROW8,ROW15,ROW21,ROW24,ROW30,ROW36)",0.92880,0.08315,2.88350,0.12153,1.87341,0.53559,-0.01760,-0.51469,-1.63295,-1.32359,-1.06555,-1.54440,-1.88827,-0.18031,#N/A
"AVG(ROW6,ROW7,ROW8,ROW15,ROW21,ROW26,ROW30,ROW36)",1.12752,0.07870,2.72298,0.11733,1.63144,0.72604,0.02623,-0.93463,-1.00760,-1.72333,-1.34811,-1.22666,-1.27899,-0.54988,#N/A
"AVG(ROW6,ROW7,ROW8,ROW15,ROW24,ROW26,ROW30,ROW36)",0.35527,0.07755,2.69012,0.12749,1.69495,0.98106,-0.61974,-0.81128,-0.95627,-1.67606,-1.87610,-1.37979,-1.26427,0.13785,#N/A
"AVG(ROW6,ROW7,ROW8,ROW15,ROW12,ROW18,ROW9,ROW21,ROW24)",4.05926,0.09020,3.04855,0.05884,2.89907,0.35674,0.24951,0.03347,-0.69402,-0.45851,-1.29650,-1.70619,-2.26463,-1.44494,-7.15361
"AVG(ROW6,ROW7,ROW8,ROW15,ROW12,ROW18,ROW9,ROW21,ROW26)",3.78156,0.08695,2.93602,0.05640,2.76195,0.64005,0.27659,-0.20861,-0.74118,-0.36397,-1.73764,-1.46895,-2.18818,-1.31076,-7.15361
"AVG(ROW6,ROW7,ROW8,ROW15,ROW12,ROW18,ROW9,ROW21,ROW30)",3.14662,0.08851,3.03913,0.08460,2.51444,0.19678,0.23806,-0.53480,-0.50913,-1.29435,-1.28942,-1.73179,-1.89303,-1.20419,#N/A
"AVG(ROW6,ROW7,ROW8,ROW15,ROW12,ROW18,ROW9,ROW21,ROW36)",3.48744,0.09160,3.11983,0.06798,2.80179,1.02507,-0.39153,-0.12648,-1.41098,-1.07490,-1.35253,-1.14596,-2.06674,-1.09564,-8.61909
"AVG(ROW6,ROW7,ROW8,ROW15,ROW12,ROW18,ROW9,ROW24,ROW26)",3.94812,0.08721,2.94050,0.05829,3.35652,0.44823,0.05294,-0.46051,-0.58324,-1.19902,-1.34815,-1.41220,-2.35978,-0.94628,-5.81850
"AVG(ROW6,ROW7,ROW8,ROW15,ROW12,ROW18,ROW9,ROW24,ROW30)",2.86796,0.08710,2.99289,0.08964,2.50439,0.33018,-0.05773,-0.39534,-0.99020,-1.41053,-1.05100,-1.90539,-1.56439,-0.98272,#N/A
"AVG(ROW6,ROW7,ROW8,ROW15,ROW12,ROW18,ROW9,ROW24,ROW36)",2.85368,0.09157,3.11701,0.06989,2.99806,0.76358,0.07366,-0.66275,-1.38735,-1.26571,-1.05393,-1.73055,-2.24005,-0.37239,-8.46819
"AVG(ROW6,ROW7,ROW8,ROW15,ROW12,ROW18,ROW9,ROW26,ROW30)",2.87753,0.08416,2.88967,0.08888,2.46512,0.61416,-0.26284,-0.54170,-0.74890,-1.25987,-1.67651,-1.74791,-1.32754,-1.02857,#N/A
"AVG(ROW6,ROW7,ROW8,ROW15,ROW12,ROW18,ROW9,ROW26,ROW36)",2.99965,0.08902,3.02756,0.06819,2.98229,0.85483,-0.05244,-0.70477,-1.43107,-1.27809,-1.54864,-0.83457,-2.24462,-0.57329,-8.46819
"AVG(ROW6,ROW7,ROW8,ROW15,ROW12,ROW18,ROW9,ROW30,ROW36)",2.50249,0.08695,2.99582,0.09801,2.44868,0.25776,0.00501,-0.21727,-1.85875,-1.58595,-0.84216,-1.70961,-1.25988,-0.84616,#N/A
"AVG(ROW6,ROW7,ROW8,ROW15,ROW12,ROW18,ROW21,ROW24,ROW26)",4.18650,0.09043,3.05422,0.05788,3.04311,0.43425,0.56446,-0.44883,-0.79816,-0.32196,-1.78288,-1.45126,-2.17732,-1.43222,-7.15361
"AVG(ROW6,ROW7,ROW8,ROW15,ROW12,ROW18,ROW21,ROW24,ROW30)",2.67961,0.09075,3.12035,0.08868,2.33902,0.45930,0.64842,-1.06218,-0.62856,-0.84149,-1.41515,-1.98017,-2.05667,-1.00879,#N/A
"AVG(ROW6,ROW7,ROW8,ROW15,ROW12,ROW18,ROW21,ROW24,ROW36)",3.11189,0.09374,3.19573,0.07122,2.58233,1.26108,-0.18244,-0.05899,-1.61588,-1.21247,-1.00399,-1.21894,-2.40601,-1.00499,-8.61909
"AVG(ROW6,ROW7,ROW8,ROW15,ROW12,ROW18,ROW21,ROW26,ROW30)",3.00080,0.08792,3.01886,0.08712,2.35278,0.79217,-0.10990,-0.30706,-1.24130,-0.45518,-1.77495,-2.32174,-1.27492,-1.14915,#N/A
"AVG(ROW6,ROW7,ROW8,ROW15,ROW12,ROW18,ROW21,ROW26,ROW36)",3.59276,0.09174,3.12355,0.06803,2.95271,1.00380,-0.08579,-0.50312,-1.39656,-1.06371,-1.41429,-1.39362,-1.88125,-1.07843,-8.61909
"AVG(ROW6,ROW7,ROW8,ROW15,ROW12,ROW18,ROW21,ROW30,ROW36)",1.85633,0.08948,3.08592,0.09776,2.13752,0.89739,0.00646,-1.32837,-1.10224,-0.56184,-1.53752,-1.49402,-2.07446,-0.59699,#N/A
"AVG(ROW6,ROW7,ROW8,ROW15,ROW12,ROW18,ROW24,ROW26,ROW30)",2.43589,0.08650,2.97372,0.09346,2.34618,0.72968,0.18473,-0.77016,-1.46200,-0.81877,-1.45295,-1.95663,-1.65204,-0.74552,#N/A
"AVG(ROW6,ROW7,ROW8,ROW15,ROW12,ROW18,ROW24,ROW26,ROW36)",2.86389,0.09194,3.12888,0.07074,3.03547,1.04476,-0.04359,-0.94531,-1.17562,-1.55116,-1.21065,-1.12189,-2.50643,-0.39860,-8.46819
"AVG(ROW6,ROW7,ROW8,ROW15,ROW12,ROW18,ROW24,ROW30,ROW36)",1.84739,0.08830,3.04803,0.10337,2.63103,0.23737,0.25775,-1.07389,-1.59341,-1.19334,-1.21270,-1.72133,-1.86384,-0.15365,#N/A
"AVG(ROW6,ROW7,ROW8,ROW15,ROW12,ROW18,ROW26,ROW30,ROW36)",1.93932,0.08608,2.96799,0.10239,2.30436,0.83243,-0.18002,-0.82675,-1.64187,-1.24141,-1.10674,-1.79212,-1.56273,-0.42713,#N/A
"AVG(ROW6,ROW7,ROW8,ROW15,ROW12,ROW9,ROW21,ROW24,ROW26)",3.90393,0.08646,2.92229,0.06110,2.80491,0.81733,-0.35746,0.30515,-0.86517,-1.05805,-1.38234,-1.15406,-1.96974,-1.46172,-7.15361
"AVG(ROW6,ROW7,ROW8,ROW15,ROW12,ROW9,ROW21,ROW24,ROW30)",2.93870,0.08729,3.00531,0.09636,2.28013,0.25558,0.10500,-0.27733,-0.59741,-1.31460,-1.38560,-2.24718,-1.04608,-1.31006,#N/A
"AVG(ROW6,ROW7,ROW8,ROW15,ROW12,ROW9,ROW21,ROW24,ROW36)",3.36099,0.09199,3.13845,0.07454,2.77888,0.76301,-0.13092,-0.18825,-1.03911,-1.46867,-1.71428,-1.03613,-1.80786,-1.05169,-8.61909
"AVG(ROW6,ROW7,ROW8,ROW15,ROW12,ROW9,ROW21,ROW26,ROW30)",2.73556,0.08325,2.86216,0.09388,2.36846,0.43061,0.01249,-0.42942,-1.00005,-1.13847,-1.37320,-1.94084,-1.41491,-1.07537,#N/A
"AVG(ROW6,ROW7,ROW8,ROW15,ROW12,ROW9,ROW21,ROW26,ROW36)",3.05331,0.08838,3.01114,0.07147,2.67586,0.96060,-0.29648,0.05652,-1.85013,-0.96078,-1.43170,-1.32177,-1.72678,-0.91944,-8.61909
"AVG(ROW6,ROW7,ROW8,ROW15,ROW12,ROW9,ROW21,ROW30,ROW36)",2.16826,0.08683,2.99771,0.10473,2.31258,0.80626,-0.25643,-1.07669,-0.85327,-1.49529,-1.14014,-1.93468,-1.30060,-0.71274,#N/A
"AVG(ROW6,ROW7,ROW8,ROW15,ROW12,ROW9,ROW24,ROW26,ROW30)",2.42350,0.08167,2.81173,0.10068,2.18063,0.78776,-0.26209,-0.60523,-1.38935,-1.04038,-1.64929,-1.12217,-1.47465,-1.02490,#N/A
"AVG(ROW6,ROW7,ROW8,ROW15,ROW12,ROW9,ROW24,ROW26,ROW36)",2.68569,0.08822,3.00528,0.07589,3.27898,0.71098,-0.54029,-0.31701,-1.31622,-1.65814,-1.28014,-1.01221,-2.64177,-0.09263,-8.46819
"AVG(ROW6,ROW7,ROW8,ROW15,ROW12,ROW9,ROW24,ROW30,ROW36)",1.81880,0.08542,2.95257,0.11097,2.27932,0.58498,-0.28307,-0.75994,-1.30870,-1.40186,-1.48681,-1.74817,-1.08214,-0.48837,#N/A
"AVG(ROW6,ROW7,ROW8,ROW15,ROW12,ROW9,ROW26,ROW30,ROW36)",1.57522,0.08209,2.83349,0.10859,2.17227,0.84012,-0.50895,-0.47602,-1.73415,-1.53057,-1.02943,-1.60027,-1.44619,-0.35164,#N/A
"AVG(ROW6,ROW7,ROW8,ROW15,ROW12,ROW21,ROW24,ROW26,ROW30)",2.25453,0.08558,2.94798,0.10125,2.03730,0.84022,0.09326,-0.75961,-0.47654,-1.95719,-1.01562,-1.87082,-1.49394,-0.99259,#N/A
"AVG(ROW6,ROW7,ROW8,ROW15,ROW12,ROW21,ROW24,ROW26,ROW36)",3.16565,0.09150,3.12115,0.07550,2.85614,1.36035,-0.44341,-0.55125,-1.14692,-1.45465,-1.59261,-1.36060,-1.62966,-0.93554,-8.61909
"AVG(ROW6,ROW7,ROW8,ROW15,ROW12,ROW21,ROW24,ROW30,ROW36)",1.61233,0.08842,3.06042,0.11237,2.00923,0.97024,-0.12286,-1.24813,-0.51440,-1.39072,-1.38436,-1.95729,-1.48375,-0.60819,#N/A
"AVG(ROW6,ROW7,ROW8,ROW15,ROW12,ROW21,ROW26,ROW30,ROW36)",1.83175,0.08503,2.93808,0.10979,1.93268,0.93209,-0.25707,-0.74084,-1.24483,-1.30949,-1.07167,-1.83643,-1.26574,-0.81997,#N/A
"AVG(ROW6,ROW7,ROW8,ROW15,ROW12,ROW24,ROW26,ROW30,ROW36)",1.45331,0.08367,2.89614,0.11758,2.21861,0.71791,-0.55904,-0.58934,-1.21955,-1.99705,-1.19114,-1.36842,-1.47331,-0.28930,#N/A
"AVG(ROW6,ROW7,ROW8,ROW15,ROW18,ROW9,ROW21,ROW24,ROW26)",2.98778,0.08332,2.80799,0.05679,2.43168,0.81227,0.26723,0.03952,-0.82390,-0.85931,-1.19326,-1.70789,-2.26539,-0.89833,-6.42853
"AVG(ROW6,ROW7,ROW8,ROW15,ROW18,ROW9,ROW21,ROW24,ROW30)",2.42446,0.08426,2.89514,0.08873,2.16707,0.56339,-0.11913,-0.55045,-0.58515,-1.11295,-1.41440,-1.29984,-2.30432,-0.88310,#N/A
"AVG(ROW6,ROW7,ROW8,ROW15,ROW18,ROW9,ROW21,ROW24,ROW36)",3.15436,0.09018,3.07068,0.06975,2.47670,1.22932,-0.22537,-0.61115,-1.03340,-0.74178,-1.56437,-1.35780,-1.95860,-1.10349,-6.71084
"AVG(ROW6,ROW7,ROW8,ROW15,ROW18,ROW9,ROW21,ROW26,ROW30)",2.55556,0.08057,2.76480,0.08707,2.15666,0.62444,-0.38661,-0.21739,-0.41952,-1.55580,-1.41882,-1.79561,-1.52730,-0.95285,#N/A
"AVG(ROW6,ROW7,ROW8,ROW15,ROW18,ROW9,ROW21,ROW26,ROW36)",2.73432,0.08672,2.94897,0.06688,2.58107,1.33555,-0.63589,-0.10592,-1.52513,-1.00714,-1.07205,-1.71304,-2.06657,-0.67091,-6.71084
"AVG(ROW6,ROW7,ROW8,ROW15,ROW18,ROW9,ROW21,ROW30,ROW36)",2.35816,0.08476,2.92141,0.09827,2.27838,0.76907,-0.58648,-0.63296,-1.30896,-1.66685,-0.44774,-1.20715,-1.98062,-0.80242,#N/A
"AVG(ROW6,ROW7,ROW8,ROW15,ROW18,ROW9,ROW24,ROW26,ROW30)",2.04026,0.07952,2.73304,0.09485,2.08746,0.96971,-0.51595,-0.44838,-0.82741,-1.50329,-1.55974,-1.71197,-1.38250,-0.64326,#N/A
"AVG(ROW6,ROW7,ROW8,ROW15,ROW18,ROW9,ROW24,ROW26,ROW36)",2.66525,0.08751,2.97022,0.07207,3.06811,0.73828,-0.41748,-0.09300,-1.46356,-1.83507,-1.13525,-1.02010,-2.53324,-0.20451,-5.10335
"AVG(ROW6,ROW7,ROW8,ROW15,ROW18,ROW9,ROW24,ROW30,ROW36)",1.79652,0.08389,2.89486,0.10500,2.28280,0.59675,-0.20675,-0.77667,-1.74770,-1.19899,-0.90935,-2.32460,-1.00124,-0.35092,#N/A
"AVG(ROW6,ROW7,ROW8,ROW15,ROW18,ROW9,ROW26,ROW30,ROW36)",1.62085,0.08073,2.78243,0.10334,2.14806,0.97791,-0.69874,-0.56674,-1.38063,-1.61804,-0.98160,-1.71790,-1.50453,-0.25566,#N/A
"AVG(ROW6,ROW7,ROW8,ROW15,ROW18,ROW21,ROW24,ROW26,ROW30)",2.36347,0.08225,2.82626,0.09207,2.15135,0.85979,-0.42875,-0.07232,-0.89340,-1.52029,-1.54242,-1.91461,-1.35813,-0.78209,#N/A
"AVG(ROW6,ROW7,ROW8,ROW15,ROW18,ROW21,ROW24,ROW26,ROW36)",2.82412,0.08969,3.05207,0.06950,2.71477,1.25032,-0.08057,-0.70202,-1.43113,-1.07990,-1.02388,-1.94097,-1.98867,-0.64335,-6.71084
"AVG(ROW6,ROW7,ROW8,ROW15,ROW18,ROW21,ROW24,ROW30,ROW36)",1.57144,0.08612,2.97468,0.10457,2.06345,1.11124,-0.44944,-1.01904,-1.17325,-1.16581,-1.41624,-1.05218,-2.19032,-0.39377,#N/A
"AVG(ROW6,ROW7,ROW8,ROW15,ROW18,ROW21,ROW26,ROW30,ROW36)",2.20484,0.08302,2.86286,0.10244,2.04502,1.25108,-0.83509,-0.30394,-1.47763,-1.77065,-0.76569,-1.66266,-1.23387,-0.84039,#N/A
"AVG(ROW6,ROW7,ROW8,ROW15,ROW18,ROW24,ROW26,ROW30,ROW36)",1.43750,0.08217,2.83799,0.11044,2.06576,1.11164,-0.66058,-0.62179,-1.47974,-1.52227,-1.40963,-1.54659,-1.42579,-0.20277,#N/A
"AVG(ROW6,ROW7,ROW8,ROW15,ROW9,ROW21,ROW24,ROW26,ROW30)",2.46686,0.07643,2.62909,0.09869,1.99499,0.54519,-0.31229,-0.62020,-0.51850,-1.66768,-1.16204,-1.56788,-1.07063,-1.17410,#N/A
"AVG(ROW6,ROW7,ROW8,ROW15,ROW9,ROW21,ROW24,ROW26,ROW36)",2.97022,0.08472,2.88513,0.07393,2.74971,0.54875,0.23920,-0.61437,-1.44742,-1.46685,-0.76697,-1.61736,-1.71933,-0.77699,-6.71084
"AVG(ROW6,ROW7,ROW8,ROW15,ROW9,ROW21,ROW24,ROW30,ROW36)",1.89188,0.08201,2.83494,0.11133,2.12271,0.91102,-0.85304,-0.56841,-1.18425,-1.64831,-1.24454,-0.87882,-1.72635,-0.58340,#N/A
"AVG(ROW6,ROW7,ROW8,ROW15,ROW9,ROW21,ROW26,ROW30,ROW36)",1.75358,0.07798,2.69099,0.10796,1.90178,0.58436,-0.35155,-0.36709,-1.47044,-1.71628,-0.33404,-1.91555,-1.23340,-0.71878,#N/A
"AVG(ROW6,ROW7,ROW8,ROW15,ROW9,ROW24,ROW26,ROW30,ROW36)",1.02341,0.07694,2.66021,0.11638,1.90293,0.84740,-0.98817,0.03492,-1.95718,-1.41502,-0.79017,-1.68528,-1.55349,-0.09602,#N/A
"AVG(ROW6,ROW7,ROW8,ROW15,ROW21,ROW24,ROW26,ROW30,ROW36)",1.12752,0.07870,2.72298,0.11733,1.63144,0.72604,0.02623,-0.93463,-1.00760,-1.72333,-1.34811,-1.22666,-1.27899,-0.54988,#N/A
"AVG(ROW6,ROW7,ROW8,ROW15,ROW12,ROW18,ROW9,ROW21,ROW24,ROW26)",3.78156,0.08695,2.93602,0.05640,2.76195,0.64005,0.27659,-0.20861,-0.74118,-0.36397,-1.73764,-1.46895,-2.18818,-1.31076,-7.15361
"AVG(ROW6,ROW7,ROW8,ROW15,ROW12,ROW18,ROW9,ROW21,ROW24,ROW30)",3.14662,0.08851,3.03913,0.08460,2.51444,0.19678,0.23806,-0.53480,-0.50913,-1.29435,-1.28942,-1.73179,-1.89303,-1.20419,#N/A
"AVG(ROW6,ROW7,ROW8,ROW15,ROW12,ROW18,ROW9,ROW21,ROW24,ROW36)",3.48744,0.09160,3.11983,0.06798,2.80179,1.02507,-0.39153,-0.12648,-1.41098,-1.07490,-1.35253,-1.14596,-2.06674,-1.09564,-8.61909
"AVG(ROW6,ROW7,ROW8,ROW15,ROW12,ROW18,ROW9,ROW21,ROW26,ROW30)",3.00795,0.08552,2.93341,0.08343,2.32985,0.54702,-0.04481,-0.69138,-0.20851,-1.29173,-1.57654,-1.89278,-1.52372,-1.20094,#N/A
"AVG(ROW6,ROW7,ROW8,ROW15,ROW12,ROW18,ROW9,ROW21,ROW26,ROW36)",3.40605,0.08907,3.03069,0.06545,2.76573,1.18909,-0.27472,-0.67447,-1.34628,-0.75921,-1.53034,-1.14380,-1.94563,-1.07626,-8.61909
"AVG(ROW6,ROW7,ROW8,ROW15,ROW12,ROW18,ROW9,ROW21,ROW30,ROW36)",2.75295,0.08813,3.03406,0.09303,2.25438,0.64260,-0.03521,-0.85334,-1.10079,-1.59579,-0.38777,-1.94084,-1.35047,-1.18667,#N/A
"AVG(ROW6,ROW7,ROW8,ROW15,ROW12,ROW18,ROW9,ROW24,ROW26,ROW30)",2.87753,0.08416,2.88967,0.08888,2.46512,0.61416,-0.26284,-0.54170,-0.74890,-1.25987,-1.67651,-1.74791,-1.32754,-1.02857,#N/A
"AVG(ROW6,ROW7,ROW8,ROW15,ROW12,ROW18,ROW9,ROW24,ROW26,ROW36)",2.99965,0.08902,3.02756,0.06819,2.98229,0.85483,-0.05244,-0.70477,-1.43107,-1.27809,-1.54864,-0.83457,-2.24462,-0.57329,-8.46819
"AVG(ROW6,ROW7,ROW8,ROW15,ROW12,ROW18,ROW9,ROW24,ROW30,ROW36)",2.50249,0.08695,2.99582,0.09801,2.44868,0.25776,0.00501,-0.21727,-1.85875,-1.58595,-0.84216,-1.70961,-1.25988,-0.84616,#N/A
"AVG(ROW6,ROW7,ROW8,ROW15,ROW12,ROW18,ROW9,ROW26,ROW30,ROW36)",2.09139,0.08434,2.90312,0.09683,2.47369,0.57609,-0.42812,-0.45539,-1.78274,-1.09553,-1.28377,-1.65389,-1.55597,-0.36808,#N/A
"AVG(ROW6,ROW7,ROW8,ROW15,ROW12,ROW18,ROW21,ROW24,ROW26,ROW30)",3.00080,0.08792,3.01886,0.08712,2.35278,0.79217,-0.10990,-0.30706,-1.24130,-0.45518,-1.77495,-2.32174,-1.27492,-1.14915,#N/A
"AVG(ROW6,ROW7,ROW8,ROW15,ROW12,ROW18,ROW21,ROW24,ROW26,ROW36)",3.59276,0.09174,3.12355,0.06803,2.95271,1.00380,-0.08579,-0.50312,-1.39656,-1.06371,-1.41429,-1.39362,-1.88125,-1.07843,-8.61909
"AVG(ROW6,ROW7,ROW8,ROW15,ROW12,ROW18,ROW21,ROW24,ROW30,ROW36)",1.85633,0.08948,3.08592,0.09776,2.13752,0.89739,0.00646,-1.32837,-1.10224,-0.56184,-1.53752,-1.49402,-2.07446,-0.59699,#N/A
"AVG(ROW6,ROW7,ROW8,ROW15,ROW12,ROW18,ROW21,ROW26,ROW30,ROW36)",2.49858,0.08724,3.00472,0.09636,2.12176,0.92883,-0.07917,-0.92462,-1.16488,-1.02373,-1.27206,-1.89318,-1.21257,-1.03874,#N/A
"AVG(ROW6,ROW7,ROW8,ROW15,ROW12,ROW18,ROW24,ROW26,ROW30,ROW36)",1.93932,0.08608,2.96799,0.10239,2.30436,0.83243,-0.18002,-0.82675,-1.64187,-1.24141,-1.10674,-1.79212,-1.56273,-0.42713,#N/A
"AVG(ROW6,ROW7,ROW8,ROW15,ROW12,ROW9,ROW21,ROW24,ROW26,ROW30)",2.73556,0.08325,2.86216,0.09388,2.36846,0.43061,0.01249,-0.42942,-1.00005,-1.13847,-1.37320,-1.94084,-1.41491,-1.07537,#N/A
"AVG(ROW6,ROW7,ROW8,ROW15,ROW12,ROW9,ROW21,ROW24,ROW26,ROW36)",3.05331,0.08838,3.01114,0.07147,2.67586,0.96060,-0.29648,0.05652,-1.85013,-0.96078,-1.43170,-1.32177,-1.72678,-0.91944,-8.61909
"AVG(ROW6,ROW7,ROW8,ROW15,ROW12,ROW9,ROW21,ROW24,ROW30,ROW36)",2.16826,0.08683,2.99771,0.10473,2.31258,0.80626,-0.25643,-1.07669,-0.85327,-1.49529,-1.14014,-1.93468,-1.30060,-0.71274,#N/A
"AVG(ROW6,ROW7,ROW8,ROW15,ROW12,ROW9,ROW21,ROW26,ROW30,ROW36)",2.32159,0.08354,2.87966,0.10209,2.34063,0.54048,-0.04094,-0.75853,-1.58048,-1.53569,-0.81089,-1.17193,-1.76883,-0.84946,#N/A
"AVG(ROW6,ROW7,ROW8,ROW15,ROW12,ROW9,ROW24,ROW26,ROW30,ROW36)",1.57522,0.08209,2.83349,0.10859,2.17227,0.84012,-0.50895,-0.47602,-1.73415,-1.53057,-1.02943,-1.60027,-1.44619,-0.35164,#N/A
"AVG(ROW6,ROW7,ROW8,ROW15,ROW12,ROW21,ROW24,ROW26,ROW30,ROW36)",1.83175,0.08503,2.93808,0.10979,1.93268,0.93209,-0.25707,-0.74084,-1.24483,-1.30949,-1.07167,-1.83643,-1.26574,-0.81997,#N/A
"AVG(ROW6,ROW7,ROW8,ROW15,ROW18,ROW9,ROW21,ROW24,ROW26,ROW30)",2.55556,0.08057,2.76480,0.08707,2.15666,0.62444,-0.38661,-0.21739,-0.41952,-1.55580,-1.41882,-1.79561,-1.52730,-0.95285,#N/A
"AVG(ROW6,ROW7,ROW8,ROW15,ROW18,ROW9,ROW21,ROW24,ROW26,ROW36)",2.73432,0.08672,2.94897,0.06688,2.58107,1.33555,-0.63589,-0.10592,-1.52513,-1.00714,-1.07205,-1.71304,-2.06657,-0.67091,-6.71084
"AVG(ROW6,ROW7,ROW8,ROW15,ROW18,ROW9,ROW21,ROW24,ROW30,ROW36)",2.35816,0.08476,2.92141,0.09827,2.27838,0.76907,-0.58648,-0.63296,-1.30896,-1.66685,-0.44774,-1.20715,-1.98062,-0.80242,#N/A
"AVG(ROW6,ROW7,ROW8,ROW15,ROW18,ROW9,ROW21,ROW26,ROW30,ROW36)",2.48358,0.08156,2.80729,0.09629,2.36187,0.71077,-0.52727,-0.63638,-1.14680,-1.90718,-0.70241,-1.21009,-1.78127,-0.72926,#N/A
"AVG(ROW6,ROW7,ROW8,ROW15,ROW18,ROW9,ROW24,ROW26,ROW30,ROW36)",1.62085,0.08073,2.78243,0.10334,2.14806,0.97791,-0.69874,-0.56674,-1.38063,-1.61804,-0.98160,-1.71790,-1.50453,-0.25566,#N/A
"AVG(ROW6,ROW7,ROW8,ROW15,ROW18,ROW21,ROW24,ROW26,ROW30,ROW36)",2.20484,0.08302,2.86286,0.10244,2.04502,1.25108,-0.83509,-0.30394,-1.47763,-1.77065,-0.76569,-1.66266,-1.23387,-0.84039,#N/A
"AVG(ROW6,ROW7,ROW8,ROW15,ROW9,ROW21,ROW24,ROW26,ROW30,ROW36)",1.75358,0.07798,2.69099,0.10796,1.90178,0.58436,-0.35155,-0.36709,-1.47044,-1.71628,-0.33404,-1.91555,-1.23340,-0.71878,#N/A
"AVG(ROW6,ROW7,ROW8,ROW15,ROW12,ROW18,ROW9,ROW21,ROW24,ROW26,ROW30)",3.00795,0.08552,2.93341,0.08343,2.32985,0.54702,-0.04481,-0.69138,-0.20851,-1.29173,-1.57654,-1.89278,-1.52372,-1.20094,#N/A
"AVG(ROW6,ROW7,ROW8,ROW15,ROW12,ROW18,ROW9,ROW21,ROW24,ROW26,ROW36)",3.40605,0.08907,3.03069,0.06545,2.76573,1.18909,-0.27472,-0.67447,-1.34628,-0.75921,-1.53034,-1.14380,-1.94563,-1.07626,-8.61909
"AVG(ROW6,ROW7,ROW8,ROW15,ROW12,ROW18,ROW9,ROW21,ROW24,ROW30,ROW36)",2.75295,0.08813,3.03406,0.09303,2.25438,0.64260,-0.03521,-0.85334,-1.10079,-1.59579,-0.38777,-1.94084,-1.35047,-1.18667,#N/A
"AVG(ROW6,ROW7,ROW8,ROW15,ROW12,ROW18,ROW9,ROW21,ROW26,ROW30,ROW36)",2.73638,0.08557,2.94270,0.09157,2.42169,0.60241,-0.02232,-0.74196,-1.43618,-1.31765,-0.83550,-1.49924,-1.78295,-0.93966,#N/A
"AVG(ROW6,ROW7,ROW8,ROW15,ROW12,ROW18,ROW9,ROW24,ROW26,ROW30,ROW36)",2.09139,0.08434,2.90312,0.09683,2.47369,0.57609,-0.42812,-0.45539,-1.78274,-1.09553,-1.28377,-1.65389,-1.55597,-0.36808,#N/A
"AVG(ROW6,ROW7,ROW8,ROW15,ROW12,ROW18,ROW21,ROW24,ROW26,ROW30,ROW36)",2.49858,0.08724,3.00472,0.09636,2.12176,0.92883,-0.07917,-0.92462,-1.16488,-1.02373,-1.27206,-1.89318,-1.21257,-1.03874,#N/A
"AVG(ROW6,ROW7,ROW8,ROW15,ROW12,ROW9,ROW21,ROW24,ROW26,ROW30,ROW36)",2.32159,0.08354,2.87966,0.10209,2.34063,0.54048,-0.04094,-0.75853,-1.58048,-1.53569,-0.81089,-1.17193,-1.76883,-0.84946,#N/A
"AVG(ROW6,ROW7,ROW8,ROW15,ROW18,ROW9,ROW21,ROW24,ROW26,ROW30,ROW36)",2.48358,0.08156,2.80729,0.09629,2.36187,0.71077,-0.52727,-0.63638,-1.14680,-1.90718,-0.70241,-1.21009,-1.78127,-0.72926,#N/A
"AVG(ROW6,ROW7,ROW8,ROW15,ROW12,ROW18,ROW9,ROW21,ROW24,ROW26,ROW30,ROW36)",2.73638,0.08557,2.94270,0.09157,2.42169,0.60241,-0.02232,-0.74196,-1.43618,-1.31765,-0.83550,-1.49924,-1.78295,-0.93966,#N/A
